Full_Date,Date_Key,Day,Month,Month_Name,Quarter,Year,Week_No,Fiscal_Month,Fiscal_Year
2021-01-01,20210101,1,1,January,1,2021,53,1,2021
2021-01-02,20210102,2,1,January,1,2021,53,1,2021
2021-01-03,20210103,3,1,January,1,2021,53,1,2021
2021-01-04,20210104,4,1,January,1,2021,1,1,2021
2021-01-05,20210105,5,1,January,1,2021,1,1,2021
2021-01-06,20210106,6,1,January,1,2021,1,1,2021
2021-01-07,20210107,7,1,January,1,2021,1,1,2021
2021-01-08,20210108,8,1,January,1,2021,1,1,2021
2021-01-09,20210109,9,1,January,1,2021,1,1,2021
2021-01-10,20210110,10,1,January,1,2021,1,1,2021
2021-01-11,20210111,11,1,January,1,2021,2,1,2021
2021-01-12,20210112,12,1,January,1,2021,2,1,2021
2021-01-13,20210113,13,1,January,1,2021,2,1,2021
2021-01-14,20210114,14,1,January,1,2021,2,1,2021
2021-01-15,20210115,15,1,January,1,2021,2,1,2021
2021-01-16,20210116,16,1,January,1,2021,2,1,2021
2021-01-17,20210117,17,1,January,1,2021,2,1,2021
2021-01-18,20210118,18,1,January,1,2021,3,1,2021
2021-01-19,20210119,19,1,January,1,2021,3,1,2021
2021-01-20,20210120,20,1,January,1,2021,3,1,2021
2021-01-21,20210121,21,1,January,1,2021,3,1,2021
2021-01-22,20210122,22,1,January,1,2021,3,1,2021
2021-01-23,20210123,23,1,January,1,2021,3,1,2021
2021-01-24,20210124,24,1,January,1,2021,3,1,2021
2021-01-25,20210125,25,1,January,1,2021,4,1,2021
2021-01-26,20210126,26,1,January,1,2021,4,1,2021
2021-01-27,20210127,27,1,January,1,2021,4,1,2021
2021-01-28,20210128,28,1,January,1,2021,4,1,2021
2021-01-29,20210129,29,1,January,1,2021,4,1,2021
2021-01-30,20210130,30,1,January,1,2021,4,1,2021
2021-01-31,20210131,31,1,January,1,2021,4,1,2021
2021-02-01,20210201,1,2,February,1,2021,5,2,2021
2021-02-02,20210202,2,2,February,1,2021,5,2,2021
2021-02-03,20210203,3,2,February,1,2021,5,2,2021
2021-02-04,20210204,4,2,February,1,2021,5,2,2021
2021-02-05,20210205,5,2,February,1,2021,5,2,2021
2021-02-06,20210206,6,2,February,1,2021,5,2,2021
2021-02-07,20210207,7,2,February,1,2021,5,2,2021
2021-02-08,20210208,8,2,February,1,2021,6,2,2021
2021-02-09,20210209,9,2,February,1,2021,6,2,2021
2021-02-10,20210210,10,2,February,1,2021,6,2,2021
2021-02-11,20210211,11,2,February,1,2021,6,2,2021
2021-02-12,20210212,12,2,February,1,2021,6,2,2021
2021-02-13,20210213,13,2,February,1,2021,6,2,2021
2021-02-14,20210214,14,2,February,1,2021,6,2,2021
2021-02-15,20210215,15,2,February,1,2021,7,2,2021
2021-02-16,20210216,16,2,February,1,2021,7,2,2021
2021-02-17,20210217,17,2,February,1,2021,7,2,2021
2021-02-18,20210218,18,2,February,1,2021,7,2,2021
2021-02-19,20210219,19,2,February,1,2021,7,2,2021
2021-02-20,20210220,20,2,February,1,2021,7,2,2021
2021-02-21,20210221,21,2,February,1,2021,7,2,2021
2021-02-22,20210222,22,2,February,1,2021,8,2,2021
2021-02-23,20210223,23,2,February,1,2021,8,2,2021
2021-02-24,20210224,24,2,February,1,2021,8,2,2021
2021-02-25,20210225,25,2,February,1,2021,8,2,2021
2021-02-26,20210226,26,2,February,1,2021,8,2,2021
2021-02-27,20210227,27,2,February,1,2021,8,2,2021
2021-02-28,20210228,28,2,February,1,2021,8,2,2021
2021-03-01,20210301,1,3,March,1,2021,9,3,2021
2021-03-02,20210302,2,3,March,1,2021,9,3,2021
2021-03-03,20210303,3,3,March,1,2021,9,3,2021
2021-03-04,20210304,4,3,March,1,2021,9,3,2021
2021-03-05,20210305,5,3,March,1,2021,9,3,2021
2021-03-06,20210306,6,3,March,1,2021,9,3,2021
2021-03-07,20210307,7,3,March,1,2021,9,3,2021
2021-03-08,20210308,8,3,March,1,2021,10,3,2021
2021-03-09,20210309,9,3,March,1,2021,10,3,2021
2021-03-10,20210310,10,3,March,1,2021,10,3,2021
2021-03-11,20210311,11,3,March,1,2021,10,3,2021
2021-03-12,20210312,12,3,March,1,2021,10,3,2021
2021-03-13,20210313,13,3,March,1,2021,10,3,2021
2021-03-14,20210314,14,3,March,1,2021,10,3,2021
2021-03-15,20210315,15,3,March,1,2021,11,3,2021
2021-03-16,20210316,16,3,March,1,2021,11,3,2021
2021-03-17,20210317,17,3,March,1,2021,11,3,2021
2021-03-18,20210318,18,3,March,1,2021,11,3,2021
2021-03-19,20210319,19,3,March,1,2021,11,3,2021
2021-03-20,20210320,20,3,March,1,2021,11,3,2021
2021-03-21,20210321,21,3,March,1,2021,11,3,2021
2021-03-22,20210322,22,3,March,1,2021,12,3,2021
2021-03-23,20210323,23,3,March,1,2021,12,3,2021
2021-03-24,20210324,24,3,March,1,2021,12,3,2021
2021-03-25,20210325,25,3,March,1,2021,12,3,2021
2021-03-26,20210326,26,3,March,1,2021,12,3,2021
2021-03-27,20210327,27,3,March,1,2021,12,3,2021
2021-03-28,20210328,28,3,March,1,2021,12,3,2021
2021-03-29,20210329,29,3,March,1,2021,13,3,2021
2021-03-30,20210330,30,3,March,1,2021,13,3,2021
2021-03-31,20210331,31,3,March,1,2021,13,3,2021
2021-04-01,20210401,1,4,April,2,2021,13,4,2021
2021-04-02,20210402,2,4,April,2,2021,13,4,2021
2021-04-03,20210403,3,4,April,2,2021,13,4,2021
2021-04-04,20210404,4,4,April,2,2021,13,4,2021
2021-04-05,20210405,5,4,April,2,2021,14,4,2021
2021-04-06,20210406,6,4,April,2,2021,14,4,2021
2021-04-07,20210407,7,4,April,2,2021,14,4,2021
2021-04-08,20210408,8,4,April,2,2021,14,4,2021
2021-04-09,20210409,9,4,April,2,2021,14,4,2021
2021-04-10,20210410,10,4,April,2,2021,14,4,2021
2021-04-11,20210411,11,4,April,2,2021,14,4,2021
2021-04-12,20210412,12,4,April,2,2021,15,4,2021
2021-04-13,20210413,13,4,April,2,2021,15,4,2021
2021-04-14,20210414,14,4,April,2,2021,15,4,2021
2021-04-15,20210415,15,4,April,2,2021,15,4,2021
2021-04-16,20210416,16,4,April,2,2021,15,4,2021
2021-04-17,20210417,17,4,April,2,2021,15,4,2021
2021-04-18,20210418,18,4,April,2,2021,15,4,2021
2021-04-19,20210419,19,4,April,2,2021,16,4,2021
2021-04-20,20210420,20,4,April,2,2021,16,4,2021
2021-04-21,20210421,21,4,April,2,2021,16,4,2021
2021-04-22,20210422,22,4,April,2,2021,16,4,2021
2021-04-23,20210423,23,4,April,2,2021,16,4,2021
2021-04-24,20210424,24,4,April,2,2021,16,4,2021
2021-04-25,20210425,25,4,April,2,2021,16,4,2021
2021-04-26,20210426,26,4,April,2,2021,17,4,2021
2021-04-27,20210427,27,4,April,2,2021,17,4,2021
2021-04-28,20210428,28,4,April,2,2021,17,4,2021
2021-04-29,20210429,29,4,April,2,2021,17,4,2021
2021-04-30,20210430,30,4,April,2,2021,17,4,2021
2021-05-01,20210501,1,5,May,2,2021,17,5,2021
2021-05-02,20210502,2,5,May,2,2021,17,5,2021
2021-05-03,20210503,3,5,May,2,2021,18,5,2021
2021-05-04,20210504,4,5,May,2,2021,18,5,2021
2021-05-05,20210505,5,5,May,2,2021,18,5,2021
2021-05-06,20210506,6,5,May,2,2021,18,5,2021
2021-05-07,20210507,7,5,May,2,2021,18,5,2021
2021-05-08,20210508,8,5,May,2,2021,18,5,2021
2021-05-09,20210509,9,5,May,2,2021,18,5,2021
2021-05-10,20210510,10,5,May,2,2021,19,5,2021
2021-05-11,20210511,11,5,May,2,2021,19,5,2021
2021-05-12,20210512,12,5,May,2,2021,19,5,2021
2021-05-13,20210513,13,5,May,2,2021,19,5,2021
2021-05-14,20210514,14,5,May,2,2021,19,5,2021
2021-05-15,20210515,15,5,May,2,2021,19,5,2021
2021-05-16,20210516,16,5,May,2,2021,19,5,2021
2021-05-17,20210517,17,5,May,2,2021,20,5,2021
2021-05-18,20210518,18,5,May,2,2021,20,5,2021
2021-05-19,20210519,19,5,May,2,2021,20,5,2021
2021-05-20,20210520,20,5,May,2,2021,20,5,2021
2021-05-21,20210521,21,5,May,2,2021,20,5,2021
2021-05-22,20210522,22,5,May,2,2021,20,5,2021
2021-05-23,20210523,23,5,May,2,2021,20,5,2021
2021-05-24,20210524,24,5,May,2,2021,21,5,2021
2021-05-25,20210525,25,5,May,2,2021,21,5,2021
2021-05-26,20210526,26,5,May,2,2021,21,5,2021
2021-05-27,20210527,27,5,May,2,2021,21,5,2021
2021-05-28,20210528,28,5,May,2,2021,21,5,2021
2021-05-29,20210529,29,5,May,2,2021,21,5,2021
2021-05-30,20210530,30,5,May,2,2021,21,5,2021
2021-05-31,20210531,31,5,May,2,2021,22,5,2021
2021-06-01,20210601,1,6,June,2,2021,22,6,2021
2021-06-02,20210602,2,6,June,2,2021,22,6,2021
2021-06-03,20210603,3,6,June,2,2021,22,6,2021
2021-06-04,20210604,4,6,June,2,2021,22,6,2021
2021-06-05,20210605,5,6,June,2,2021,22,6,2021
2021-06-06,20210606,6,6,June,2,2021,22,6,2021
2021-06-07,20210607,7,6,June,2,2021,23,6,2021
2021-06-08,20210608,8,6,June,2,2021,23,6,2021
2021-06-09,20210609,9,6,June,2,2021,23,6,2021
2021-06-10,20210610,10,6,June,2,2021,23,6,2021
2021-06-11,20210611,11,6,June,2,2021,23,6,2021
2021-06-12,20210612,12,6,June,2,2021,23,6,2021
2021-06-13,20210613,13,6,June,2,2021,23,6,2021
2021-06-14,20210614,14,6,June,2,2021,24,6,2021
2021-06-15,20210615,15,6,June,2,2021,24,6,2021
2021-06-16,20210616,16,6,June,2,2021,24,6,2021
2021-06-17,20210617,17,6,June,2,2021,24,6,2021
2021-06-18,20210618,18,6,June,2,2021,24,6,2021
2021-06-19,20210619,19,6,June,2,2021,24,6,2021
2021-06-20,20210620,20,6,June,2,2021,24,6,2021
2021-06-21,20210621,21,6,June,2,2021,25,6,2021
2021-06-22,20210622,22,6,June,2,2021,25,6,2021
2021-06-23,20210623,23,6,June,2,2021,25,6,2021
2021-06-24,20210624,24,6,June,2,2021,25,6,2021
2021-06-25,20210625,25,6,June,2,2021,25,6,2021
2021-06-26,20210626,26,6,June,2,2021,25,6,2021
2021-06-27,20210627,27,6,June,2,2021,25,6,2021
2021-06-28,20210628,28,6,June,2,2021,26,6,2021
2021-06-29,20210629,29,6,June,2,2021,26,6,2021
2021-06-30,20210630,30,6,June,2,2021,26,6,2021
2021-07-01,20210701,1,7,July,3,2021,26,7,2021
2021-07-02,20210702,2,7,July,3,2021,26,7,2021
2021-07-03,20210703,3,7,July,3,2021,26,7,2021
2021-07-04,20210704,4,7,July,3,2021,26,7,2021
2021-07-05,20210705,5,7,July,3,2021,27,7,2021
2021-07-06,20210706,6,7,July,3,2021,27,7,2021
2021-07-07,20210707,7,7,July,3,2021,27,7,2021
2021-07-08,20210708,8,7,July,3,2021,27,7,2021
2021-07-09,20210709,9,7,July,3,2021,27,7,2021
2021-07-10,20210710,10,7,July,3,2021,27,7,2021
2021-07-11,20210711,11,7,July,3,2021,27,7,2021
2021-07-12,20210712,12,7,July,3,2021,28,7,2021
2021-07-13,20210713,13,7,July,3,2021,28,7,2021
2021-07-14,20210714,14,7,July,3,2021,28,7,2021
2021-07-15,20210715,15,7,July,3,2021,28,7,2021
2021-07-16,20210716,16,7,July,3,2021,28,7,2021
2021-07-17,20210717,17,7,July,3,2021,28,7,2021
2021-07-18,20210718,18,7,July,3,2021,28,7,2021
2021-07-19,20210719,19,7,July,3,2021,29,7,2021
2021-07-20,20210720,20,7,July,3,2021,29,7,2021
2021-07-21,20210721,21,7,July,3,2021,29,7,2021
2021-07-22,20210722,22,7,July,3,2021,29,7,2021
2021-07-23,20210723,23,7,July,3,2021,29,7,2021
2021-07-24,20210724,24,7,July,3,2021,29,7,2021
2021-07-25,20210725,25,7,July,3,2021,29,7,2021
2021-07-26,20210726,26,7,July,3,2021,30,7,2021
2021-07-27,20210727,27,7,July,3,2021,30,7,2021
2021-07-28,20210728,28,7,July,3,2021,30,7,2021
2021-07-29,20210729,29,7,July,3,2021,30,7,2021
2021-07-30,20210730,30,7,July,3,2021,30,7,2021
2021-07-31,20210731,31,7,July,3,2021,30,7,2021
2021-08-01,20210801,1,8,August,3,2021,30,8,2021
2021-08-02,20210802,2,8,August,3,2021,31,8,2021
2021-08-03,20210803,3,8,August,3,2021,31,8,2021
2021-08-04,20210804,4,8,August,3,2021,31,8,2021
2021-08-05,20210805,5,8,August,3,2021,31,8,2021
2021-08-06,20210806,6,8,August,3,2021,31,8,2021
2021-08-07,20210807,7,8,August,3,2021,31,8,2021
2021-08-08,20210808,8,8,August,3,2021,31,8,2021
2021-08-09,20210809,9,8,August,3,2021,32,8,2021
2021-08-10,20210810,10,8,August,3,2021,32,8,2021
2021-08-11,20210811,11,8,August,3,2021,32,8,2021
2021-08-12,20210812,12,8,August,3,2021,32,8,2021
2021-08-13,20210813,13,8,August,3,2021,32,8,2021
2021-08-14,20210814,14,8,August,3,2021,32,8,2021
2021-08-15,20210815,15,8,August,3,2021,32,8,2021
2021-08-16,20210816,16,8,August,3,2021,33,8,2021
2021-08-17,20210817,17,8,August,3,2021,33,8,2021
2021-08-18,20210818,18,8,August,3,2021,33,8,2021
2021-08-19,20210819,19,8,August,3,2021,33,8,2021
2021-08-20,20210820,20,8,August,3,2021,33,8,2021
2021-08-21,20210821,21,8,August,3,2021,33,8,2021
2021-08-22,20210822,22,8,August,3,2021,33,8,2021
2021-08-23,20210823,23,8,August,3,2021,34,8,2021
2021-08-24,20210824,24,8,August,3,2021,34,8,2021
2021-08-25,20210825,25,8,August,3,2021,34,8,2021
2021-08-26,20210826,26,8,August,3,2021,34,8,2021
2021-08-27,20210827,27,8,August,3,2021,34,8,2021
2021-08-28,20210828,28,8,August,3,2021,34,8,2021
2021-08-29,20210829,29,8,August,3,2021,34,8,2021
2021-08-30,20210830,30,8,August,3,2021,35,8,2021
2021-08-31,20210831,31,8,August,3,2021,35,8,2021
2021-09-01,20210901,1,9,September,3,2021,35,9,2021
2021-09-02,20210902,2,9,September,3,2021,35,9,2021
2021-09-03,20210903,3,9,September,3,2021,35,9,2021
2021-09-04,20210904,4,9,September,3,2021,35,9,2021
2021-09-05,20210905,5,9,September,3,2021,35,9,2021
2021-09-06,20210906,6,9,September,3,2021,36,9,2021
2021-09-07,20210907,7,9,September,3,2021,36,9,2021
2021-09-08,20210908,8,9,September,3,2021,36,9,2021
2021-09-09,20210909,9,9,September,3,2021,36,9,2021
2021-09-10,20210910,10,9,September,3,2021,36,9,2021
2021-09-11,20210911,11,9,September,3,2021,36,9,2021
2021-09-12,20210912,12,9,September,3,2021,36,9,2021
2021-09-13,20210913,13,9,September,3,2021,37,9,2021
2021-09-14,20210914,14,9,September,3,2021,37,9,2021
2021-09-15,20210915,15,9,September,3,2021,37,9,2021
2021-09-16,20210916,16,9,September,3,2021,37,9,2021
2021-09-17,20210917,17,9,September,3,2021,37,9,2021
2021-09-18,20210918,18,9,September,3,2021,37,9,2021
2021-09-19,20210919,19,9,September,3,2021,37,9,2021
2021-09-20,20210920,20,9,September,3,2021,38,9,2021
2021-09-21,20210921,21,9,September,3,2021,38,9,2021
2021-09-22,20210922,22,9,September,3,2021,38,9,2021
2021-09-23,20210923,23,9,September,3,2021,38,9,2021
2021-09-24,20210924,24,9,September,3,2021,38,9,2021
2021-09-25,20210925,25,9,September,3,2021,38,9,2021
2021-09-26,20210926,26,9,September,3,2021,38,9,2021
2021-09-27,20210927,27,9,September,3,2021,39,9,2021
2021-09-28,20210928,28,9,September,3,2021,39,9,2021
2021-09-29,20210929,29,9,September,3,2021,39,9,2021
2021-09-30,20210930,30,9,September,3,2021,39,9,2021
2021-10-01,20211001,1,10,October,4,2021,39,10,2021
2021-10-02,20211002,2,10,October,4,2021,39,10,2021
2021-10-03,20211003,3,10,October,4,2021,39,10,2021
2021-10-04,20211004,4,10,October,4,2021,40,10,2021
2021-10-05,20211005,5,10,October,4,2021,40,10,2021
2021-10-06,20211006,6,10,October,4,2021,40,10,2021
2021-10-07,20211007,7,10,October,4,2021,40,10,2021
2021-10-08,20211008,8,10,October,4,2021,40,10,2021
2021-10-09,20211009,9,10,October,4,2021,40,10,2021
2021-10-10,20211010,10,10,October,4,2021,40,10,2021
2021-10-11,20211011,11,10,October,4,2021,41,10,2021
2021-10-12,20211012,12,10,October,4,2021,41,10,2021
2021-10-13,20211013,13,10,October,4,2021,41,10,2021
2021-10-14,20211014,14,10,October,4,2021,41,10,2021
2021-10-15,20211015,15,10,October,4,2021,41,10,2021
2021-10-16,20211016,16,10,October,4,2021,41,10,2021
2021-10-17,20211017,17,10,October,4,2021,41,10,2021
2021-10-18,20211018,18,10,October,4,2021,42,10,2021
2021-10-19,20211019,19,10,October,4,2021,42,10,2021
2021-10-20,20211020,20,10,October,4,2021,42,10,2021
2021-10-21,20211021,21,10,October,4,2021,42,10,2021
2021-10-22,20211022,22,10,October,4,2021,42,10,2021
2021-10-23,20211023,23,10,October,4,2021,42,10,2021
2021-10-24,20211024,24,10,October,4,2021,42,10,2021
2021-10-25,20211025,25,10,October,4,2021,43,10,2021
2021-10-26,20211026,26,10,October,4,2021,43,10,2021
2021-10-27,20211027,27,10,October,4,2021,43,10,2021
2021-10-28,20211028,28,10,October,4,2021,43,10,2021
2021-10-29,20211029,29,10,October,4,2021,43,10,2021
2021-10-30,20211030,30,10,October,4,2021,43,10,2021
2021-10-31,20211031,31,10,October,4,2021,43,10,2021
2021-11-01,20211101,1,11,November,4,2021,44,11,2021
2021-11-02,20211102,2,11,November,4,2021,44,11,2021
2021-11-03,20211103,3,11,November,4,2021,44,11,2021
2021-11-04,20211104,4,11,November,4,2021,44,11,2021
2021-11-05,20211105,5,11,November,4,2021,44,11,2021
2021-11-06,20211106,6,11,November,4,2021,44,11,2021
2021-11-07,20211107,7,11,November,4,2021,44,11,2021
2021-11-08,20211108,8,11,November,4,2021,45,11,2021
2021-11-09,20211109,9,11,November,4,2021,45,11,2021
2021-11-10,20211110,10,11,November,4,2021,45,11,2021
2021-11-11,20211111,11,11,November,4,2021,45,11,2021
2021-11-12,20211112,12,11,November,4,2021,45,11,2021
2021-11-13,20211113,13,11,November,4,2021,45,11,2021
2021-11-14,20211114,14,11,November,4,2021,45,11,2021
2021-11-15,20211115,15,11,November,4,2021,46,11,2021
2021-11-16,20211116,16,11,November,4,2021,46,11,2021
2021-11-17,20211117,17,11,November,4,2021,46,11,2021
2021-11-18,20211118,18,11,November,4,2021,46,11,2021
2021-11-19,20211119,19,11,November,4,2021,46,11,2021
2021-11-20,20211120,20,11,November,4,2021,46,11,2021
2021-11-21,20211121,21,11,November,4,2021,46,11,2021
2021-11-22,20211122,22,11,November,4,2021,47,11,2021
2021-11-23,20211123,23,11,November,4,2021,47,11,2021
2021-11-24,20211124,24,11,November,4,2021,47,11,2021
2021-11-25,20211125,25,11,November,4,2021,47,11,2021
2021-11-26,20211126,26,11,November,4,2021,47,11,2021
2021-11-27,20211127,27,11,November,4,2021,47,11,2021
2021-11-28,20211128,28,11,November,4,2021,47,11,2021
2021-11-29,20211129,29,11,November,4,2021,48,11,2021
2021-11-30,20211130,30,11,November,4,2021,48,11,2021
2021-12-01,20211201,1,12,December,4,2021,48,12,2021
2021-12-02,20211202,2,12,December,4,2021,48,12,2021
2021-12-03,20211203,3,12,December,4,2021,48,12,2021
2021-12-04,20211204,4,12,December,4,2021,48,12,2021
2021-12-05,20211205,5,12,December,4,2021,48,12,2021
2021-12-06,20211206,6,12,December,4,2021,49,12,2021
2021-12-07,20211207,7,12,December,4,2021,49,12,2021
2021-12-08,20211208,8,12,December,4,2021,49,12,2021
2021-12-09,20211209,9,12,December,4,2021,49,12,2021
2021-12-10,20211210,10,12,December,4,2021,49,12,2021
2021-12-11,20211211,11,12,December,4,2021,49,12,2021
2021-12-12,20211212,12,12,December,4,2021,49,12,2021
2021-12-13,20211213,13,12,December,4,2021,50,12,2021
2021-12-14,20211214,14,12,December,4,2021,50,12,2021
2021-12-15,20211215,15,12,December,4,2021,50,12,2021
2021-12-16,20211216,16,12,December,4,2021,50,12,2021
2021-12-17,20211217,17,12,December,4,2021,50,12,2021
2021-12-18,20211218,18,12,December,4,2021,50,12,2021
2021-12-19,20211219,19,12,December,4,2021,50,12,2021
2021-12-20,20211220,20,12,December,4,2021,51,12,2021
2021-12-21,20211221,21,12,December,4,2021,51,12,2021
2021-12-22,20211222,22,12,December,4,2021,51,12,2021
2021-12-23,20211223,23,12,December,4,2021,51,12,2021
2021-12-24,20211224,24,12,December,4,2021,51,12,2021
2021-12-25,20211225,25,12,December,4,2021,51,12,2021
2021-12-26,20211226,26,12,December,4,2021,51,12,2021
2021-12-27,20211227,27,12,December,4,2021,52,12,2021
2021-12-28,20211228,28,12,December,4,2021,52,12,2021
2021-12-29,20211229,29,12,December,4,2021,52,12,2021
2021-12-30,20211230,30,12,December,4,2021,52,12,2021
2021-12-31,20211231,31,12,December,4,2021,52,12,2021
2022-01-01,20220101,1,1,January,1,2022,52,1,2022
2022-01-02,20220102,2,1,January,1,2022,52,1,2022
2022-01-03,20220103,3,1,January,1,2022,1,1,2022
2022-01-04,20220104,4,1,January,1,2022,1,1,2022
2022-01-05,20220105,5,1,January,1,2022,1,1,2022
2022-01-06,20220106,6,1,January,1,2022,1,1,2022
2022-01-07,20220107,7,1,January,1,2022,1,1,2022
2022-01-08,20220108,8,1,January,1,2022,1,1,2022
2022-01-09,20220109,9,1,January,1,2022,1,1,2022
2022-01-10,20220110,10,1,January,1,2022,2,1,2022
2022-01-11,20220111,11,1,January,1,2022,2,1,2022
2022-01-12,20220112,12,1,January,1,2022,2,1,2022
2022-01-13,20220113,13,1,January,1,2022,2,1,2022
2022-01-14,20220114,14,1,January,1,2022,2,1,2022
2022-01-15,20220115,15,1,January,1,2022,2,1,2022
2022-01-16,20220116,16,1,January,1,2022,2,1,2022
2022-01-17,20220117,17,1,January,1,2022,3,1,2022
2022-01-18,20220118,18,1,January,1,2022,3,1,2022
2022-01-19,20220119,19,1,January,1,2022,3,1,2022
2022-01-20,20220120,20,1,January,1,2022,3,1,2022
2022-01-21,20220121,21,1,January,1,2022,3,1,2022
2022-01-22,20220122,22,1,January,1,2022,3,1,2022
2022-01-23,20220123,23,1,January,1,2022,3,1,2022
2022-01-24,20220124,24,1,January,1,2022,4,1,2022
2022-01-25,20220125,25,1,January,1,2022,4,1,2022
2022-01-26,20220126,26,1,January,1,2022,4,1,2022
2022-01-27,20220127,27,1,January,1,2022,4,1,2022
2022-01-28,20220128,28,1,January,1,2022,4,1,2022
2022-01-29,20220129,29,1,January,1,2022,4,1,2022
2022-01-30,20220130,30,1,January,1,2022,4,1,2022
2022-01-31,20220131,31,1,January,1,2022,5,1,2022
2022-02-01,20220201,1,2,February,1,2022,5,2,2022
2022-02-02,20220202,2,2,February,1,2022,5,2,2022
2022-02-03,20220203,3,2,February,1,2022,5,2,2022
2022-02-04,20220204,4,2,February,1,2022,5,2,2022
2022-02-05,20220205,5,2,February,1,2022,5,2,2022
2022-02-06,20220206,6,2,February,1,2022,5,2,2022
2022-02-07,20220207,7,2,February,1,2022,6,2,2022
2022-02-08,20220208,8,2,February,1,2022,6,2,2022
2022-02-09,20220209,9,2,February,1,2022,6,2,2022
2022-02-10,20220210,10,2,February,1,2022,6,2,2022
2022-02-11,20220211,11,2,February,1,2022,6,2,2022
2022-02-12,20220212,12,2,February,1,2022,6,2,2022
2022-02-13,20220213,13,2,February,1,2022,6,2,2022
2022-02-14,20220214,14,2,February,1,2022,7,2,2022
2022-02-15,20220215,15,2,February,1,2022,7,2,2022
2022-02-16,20220216,16,2,February,1,2022,7,2,2022
2022-02-17,20220217,17,2,February,1,2022,7,2,2022
2022-02-18,20220218,18,2,February,1,2022,7,2,2022
2022-02-19,20220219,19,2,February,1,2022,7,2,2022
2022-02-20,20220220,20,2,February,1,2022,7,2,2022
2022-02-21,20220221,21,2,February,1,2022,8,2,2022
2022-02-22,20220222,22,2,February,1,2022,8,2,2022
2022-02-23,20220223,23,2,February,1,2022,8,2,2022
2022-02-24,20220224,24,2,February,1,2022,8,2,2022
2022-02-25,20220225,25,2,February,1,2022,8,2,2022
2022-02-26,20220226,26,2,February,1,2022,8,2,2022
2022-02-27,20220227,27,2,February,1,2022,8,2,2022
2022-02-28,20220228,28,2,February,1,2022,9,2,2022
2022-03-01,20220301,1,3,March,1,2022,9,3,2022
2022-03-02,20220302,2,3,March,1,2022,9,3,2022
2022-03-03,20220303,3,3,March,1,2022,9,3,2022
2022-03-04,20220304,4,3,March,1,2022,9,3,2022
2022-03-05,20220305,5,3,March,1,2022,9,3,2022
2022-03-06,20220306,6,3,March,1,2022,9,3,2022
2022-03-07,20220307,7,3,March,1,2022,10,3,2022
2022-03-08,20220308,8,3,March,1,2022,10,3,2022
2022-03-09,20220309,9,3,March,1,2022,10,3,2022
2022-03-10,20220310,10,3,March,1,2022,10,3,2022
2022-03-11,20220311,11,3,March,1,2022,10,3,2022
2022-03-12,20220312,12,3,March,1,2022,10,3,2022
2022-03-13,20220313,13,3,March,1,2022,10,3,2022
2022-03-14,20220314,14,3,March,1,2022,11,3,2022
2022-03-15,20220315,15,3,March,1,2022,11,3,2022
2022-03-16,20220316,16,3,March,1,2022,11,3,2022
2022-03-17,20220317,17,3,March,1,2022,11,3,2022
2022-03-18,20220318,18,3,March,1,2022,11,3,2022
2022-03-19,20220319,19,3,March,1,2022,11,3,2022
2022-03-20,20220320,20,3,March,1,2022,11,3,2022
2022-03-21,20220321,21,3,March,1,2022,12,3,2022
2022-03-22,20220322,22,3,March,1,2022,12,3,2022
2022-03-23,20220323,23,3,March,1,2022,12,3,2022
2022-03-24,20220324,24,3,March,1,2022,12,3,2022
2022-03-25,20220325,25,3,March,1,2022,12,3,2022
2022-03-26,20220326,26,3,March,1,2022,12,3,2022
2022-03-27,20220327,27,3,March,1,2022,12,3,2022
2022-03-28,20220328,28,3,March,1,2022,13,3,2022
2022-03-29,20220329,29,3,March,1,2022,13,3,2022
2022-03-30,20220330,30,3,March,1,2022,13,3,2022
2022-03-31,20220331,31,3,March,1,2022,13,3,2022
2022-04-01,20220401,1,4,April,2,2022,13,4,2022
2022-04-02,20220402,2,4,April,2,2022,13,4,2022
2022-04-03,20220403,3,4,April,2,2022,13,4,2022
2022-04-04,20220404,4,4,April,2,2022,14,4,2022
2022-04-05,20220405,5,4,April,2,2022,14,4,2022
2022-04-06,20220406,6,4,April,2,2022,14,4,2022
2022-04-07,20220407,7,4,April,2,2022,14,4,2022
2022-04-08,20220408,8,4,April,2,2022,14,4,2022
2022-04-09,20220409,9,4,April,2,2022,14,4,2022
2022-04-10,20220410,10,4,April,2,2022,14,4,2022
2022-04-11,20220411,11,4,April,2,2022,15,4,2022
2022-04-12,20220412,12,4,April,2,2022,15,4,2022
2022-04-13,20220413,13,4,April,2,2022,15,4,2022
2022-04-14,20220414,14,4,April,2,2022,15,4,2022
2022-04-15,20220415,15,4,April,2,2022,15,4,2022
2022-04-16,20220416,16,4,April,2,2022,15,4,2022
2022-04-17,20220417,17,4,April,2,2022,15,4,2022
2022-04-18,20220418,18,4,April,2,2022,16,4,2022
2022-04-19,20220419,19,4,April,2,2022,16,4,2022
2022-04-20,20220420,20,4,April,2,2022,16,4,2022
2022-04-21,20220421,21,4,April,2,2022,16,4,2022
2022-04-22,20220422,22,4,April,2,2022,16,4,2022
2022-04-23,20220423,23,4,April,2,2022,16,4,2022
2022-04-24,20220424,24,4,April,2,2022,16,4,2022
2022-04-25,20220425,25,4,April,2,2022,17,4,2022
2022-04-26,20220426,26,4,April,2,2022,17,4,2022
2022-04-27,20220427,27,4,April,2,2022,17,4,2022
2022-04-28,20220428,28,4,April,2,2022,17,4,2022
2022-04-29,20220429,29,4,April,2,2022,17,4,2022
2022-04-30,20220430,30,4,April,2,2022,17,4,2022
2022-05-01,20220501,1,5,May,2,2022,17,5,2022
2022-05-02,20220502,2,5,May,2,2022,18,5,2022
2022-05-03,20220503,3,5,May,2,2022,18,5,2022
2022-05-04,20220504,4,5,May,2,2022,18,5,2022
2022-05-05,20220505,5,5,May,2,2022,18,5,2022
2022-05-06,20220506,6,5,May,2,2022,18,5,2022
2022-05-07,20220507,7,5,May,2,2022,18,5,2022
2022-05-08,20220508,8,5,May,2,2022,18,5,2022
2022-05-09,20220509,9,5,May,2,2022,19,5,2022
2022-05-10,20220510,10,5,May,2,2022,19,5,2022
2022-05-11,20220511,11,5,May,2,2022,19,5,2022
2022-05-12,20220512,12,5,May,2,2022,19,5,2022
2022-05-13,20220513,13,5,May,2,2022,19,5,2022
2022-05-14,20220514,14,5,May,2,2022,19,5,2022
2022-05-15,20220515,15,5,May,2,2022,19,5,2022
2022-05-16,20220516,16,5,May,2,2022,20,5,2022
2022-05-17,20220517,17,5,May,2,2022,20,5,2022
2022-05-18,20220518,18,5,May,2,2022,20,5,2022
2022-05-19,20220519,19,5,May,2,2022,20,5,2022
2022-05-20,20220520,20,5,May,2,2022,20,5,2022
2022-05-21,20220521,21,5,May,2,2022,20,5,2022
2022-05-22,20220522,22,5,May,2,2022,20,5,2022
2022-05-23,20220523,23,5,May,2,2022,21,5,2022
2022-05-24,20220524,24,5,May,2,2022,21,5,2022
2022-05-25,20220525,25,5,May,2,2022,21,5,2022
2022-05-26,20220526,26,5,May,2,2022,21,5,2022
2022-05-27,20220527,27,5,May,2,2022,21,5,2022
2022-05-28,20220528,28,5,May,2,2022,21,5,2022
2022-05-29,20220529,29,5,May,2,2022,21,5,2022
2022-05-30,20220530,30,5,May,2,2022,22,5,2022
2022-05-31,20220531,31,5,May,2,2022,22,5,2022
2022-06-01,20220601,1,6,June,2,2022,22,6,2022
2022-06-02,20220602,2,6,June,2,2022,22,6,2022
2022-06-03,20220603,3,6,June,2,2022,22,6,2022
2022-06-04,20220604,4,6,June,2,2022,22,6,2022
2022-06-05,20220605,5,6,June,2,2022,22,6,2022
2022-06-06,20220606,6,6,June,2,2022,23,6,2022
2022-06-07,20220607,7,6,June,2,2022,23,6,2022
2022-06-08,20220608,8,6,June,2,2022,23,6,2022
2022-06-09,20220609,9,6,June,2,2022,23,6,2022
2022-06-10,20220610,10,6,June,2,2022,23,6,2022
2022-06-11,20220611,11,6,June,2,2022,23,6,2022
2022-06-12,20220612,12,6,June,2,2022,23,6,2022
2022-06-13,20220613,13,6,June,2,2022,24,6,2022
2022-06-14,20220614,14,6,June,2,2022,24,6,2022
2022-06-15,20220615,15,6,June,2,2022,24,6,2022
2022-06-16,20220616,16,6,June,2,2022,24,6,2022
2022-06-17,20220617,17,6,June,2,2022,24,6,2022
2022-06-18,20220618,18,6,June,2,2022,24,6,2022
2022-06-19,20220619,19,6,June,2,2022,24,6,2022
2022-06-20,20220620,20,6,June,2,2022,25,6,2022
2022-06-21,20220621,21,6,June,2,2022,25,6,2022
2022-06-22,20220622,22,6,June,2,2022,25,6,2022
2022-06-23,20220623,23,6,June,2,2022,25,6,2022
2022-06-24,20220624,24,6,June,2,2022,25,6,2022
2022-06-25,20220625,25,6,June,2,2022,25,6,2022
2022-06-26,20220626,26,6,June,2,2022,25,6,2022
2022-06-27,20220627,27,6,June,2,2022,26,6,2022
2022-06-28,20220628,28,6,June,2,2022,26,6,2022
2022-06-29,20220629,29,6,June,2,2022,26,6,2022
2022-06-30,20220630,30,6,June,2,2022,26,6,2022
2022-07-01,20220701,1,7,July,3,2022,26,7,2022
2022-07-02,20220702,2,7,July,3,2022,26,7,2022
2022-07-03,20220703,3,7,July,3,2022,26,7,2022
2022-07-04,20220704,4,7,July,3,2022,27,7,2022
2022-07-05,20220705,5,7,July,3,2022,27,7,2022
2022-07-06,20220706,6,7,July,3,2022,27,7,2022
2022-07-07,20220707,7,7,July,3,2022,27,7,2022
2022-07-08,20220708,8,7,July,3,2022,27,7,2022
2022-07-09,20220709,9,7,July,3,2022,27,7,2022
2022-07-10,20220710,10,7,July,3,2022,27,7,2022
2022-07-11,20220711,11,7,July,3,2022,28,7,2022
2022-07-12,20220712,12,7,July,3,2022,28,7,2022
2022-07-13,20220713,13,7,July,3,2022,28,7,2022
2022-07-14,20220714,14,7,July,3,2022,28,7,2022
2022-07-15,20220715,15,7,July,3,2022,28,7,2022
2022-07-16,20220716,16,7,July,3,2022,28,7,2022
2022-07-17,20220717,17,7,July,3,2022,28,7,2022
2022-07-18,20220718,18,7,July,3,2022,29,7,2022
2022-07-19,20220719,19,7,July,3,2022,29,7,2022
2022-07-20,20220720,20,7,July,3,2022,29,7,2022
2022-07-21,20220721,21,7,July,3,2022,29,7,2022
2022-07-22,20220722,22,7,July,3,2022,29,7,2022
2022-07-23,20220723,23,7,July,3,2022,29,7,2022
2022-07-24,20220724,24,7,July,3,2022,29,7,2022
2022-07-25,20220725,25,7,July,3,2022,30,7,2022
2022-07-26,20220726,26,7,July,3,2022,30,7,2022
2022-07-27,20220727,27,7,July,3,2022,30,7,2022
2022-07-28,20220728,28,7,July,3,2022,30,7,2022
2022-07-29,20220729,29,7,July,3,2022,30,7,2022
2022-07-30,20220730,30,7,July,3,2022,30,7,2022
2022-07-31,20220731,31,7,July,3,2022,30,7,2022
2022-08-01,20220801,1,8,August,3,2022,31,8,2022
2022-08-02,20220802,2,8,August,3,2022,31,8,2022
2022-08-03,20220803,3,8,August,3,2022,31,8,2022
2022-08-04,20220804,4,8,August,3,2022,31,8,2022
2022-08-05,20220805,5,8,August,3,2022,31,8,2022
2022-08-06,20220806,6,8,August,3,2022,31,8,2022
2022-08-07,20220807,7,8,August,3,2022,31,8,2022
2022-08-08,20220808,8,8,August,3,2022,32,8,2022
2022-08-09,20220809,9,8,August,3,2022,32,8,2022
2022-08-10,20220810,10,8,August,3,2022,32,8,2022
2022-08-11,20220811,11,8,August,3,2022,32,8,2022
2022-08-12,20220812,12,8,August,3,2022,32,8,2022
2022-08-13,20220813,13,8,August,3,2022,32,8,2022
2022-08-14,20220814,14,8,August,3,2022,32,8,2022
2022-08-15,20220815,15,8,August,3,2022,33,8,2022
2022-08-16,20220816,16,8,August,3,2022,33,8,2022
2022-08-17,20220817,17,8,August,3,2022,33,8,2022
2022-08-18,20220818,18,8,August,3,2022,33,8,2022
2022-08-19,20220819,19,8,August,3,2022,33,8,2022
2022-08-20,20220820,20,8,August,3,2022,33,8,2022
2022-08-21,20220821,21,8,August,3,2022,33,8,2022
2022-08-22,20220822,22,8,August,3,2022,34,8,2022
2022-08-23,20220823,23,8,August,3,2022,34,8,2022
2022-08-24,20220824,24,8,August,3,2022,34,8,2022
2022-08-25,20220825,25,8,August,3,2022,34,8,2022
2022-08-26,20220826,26,8,August,3,2022,34,8,2022
2022-08-27,20220827,27,8,August,3,2022,34,8,2022
2022-08-28,20220828,28,8,August,3,2022,34,8,2022
2022-08-29,20220829,29,8,August,3,2022,35,8,2022
2022-08-30,20220830,30,8,August,3,2022,35,8,2022
2022-08-31,20220831,31,8,August,3,2022,35,8,2022
2022-09-01,20220901,1,9,September,3,2022,35,9,2022
2022-09-02,20220902,2,9,September,3,2022,35,9,2022
2022-09-03,20220903,3,9,September,3,2022,35,9,2022
2022-09-04,20220904,4,9,September,3,2022,35,9,2022
2022-09-05,20220905,5,9,September,3,2022,36,9,2022
2022-09-06,20220906,6,9,September,3,2022,36,9,2022
2022-09-07,20220907,7,9,September,3,2022,36,9,2022
2022-09-08,20220908,8,9,September,3,2022,36,9,2022
2022-09-09,20220909,9,9,September,3,2022,36,9,2022
2022-09-10,20220910,10,9,September,3,2022,36,9,2022
2022-09-11,20220911,11,9,September,3,2022,36,9,2022
2022-09-12,20220912,12,9,September,3,2022,37,9,2022
2022-09-13,20220913,13,9,September,3,2022,37,9,2022
2022-09-14,20220914,14,9,September,3,2022,37,9,2022
2022-09-15,20220915,15,9,September,3,2022,37,9,2022
2022-09-16,20220916,16,9,September,3,2022,37,9,2022
2022-09-17,20220917,17,9,September,3,2022,37,9,2022
2022-09-18,20220918,18,9,September,3,2022,37,9,2022
2022-09-19,20220919,19,9,September,3,2022,38,9,2022
2022-09-20,20220920,20,9,September,3,2022,38,9,2022
2022-09-21,20220921,21,9,September,3,2022,38,9,2022
2022-09-22,20220922,22,9,September,3,2022,38,9,2022
2022-09-23,20220923,23,9,September,3,2022,38,9,2022
2022-09-24,20220924,24,9,September,3,2022,38,9,2022
2022-09-25,20220925,25,9,September,3,2022,38,9,2022
2022-09-26,20220926,26,9,September,3,2022,39,9,2022
2022-09-27,20220927,27,9,September,3,2022,39,9,2022
2022-09-28,20220928,28,9,September,3,2022,39,9,2022
2022-09-29,20220929,29,9,September,3,2022,39,9,2022
2022-09-30,20220930,30,9,September,3,2022,39,9,2022
2022-10-01,20221001,1,10,October,4,2022,39,10,2022
2022-10-02,20221002,2,10,October,4,2022,39,10,2022
2022-10-03,20221003,3,10,October,4,2022,40,10,2022
2022-10-04,20221004,4,10,October,4,2022,40,10,2022
2022-10-05,20221005,5,10,October,4,2022,40,10,2022
2022-10-06,20221006,6,10,October,4,2022,40,10,2022
2022-10-07,20221007,7,10,October,4,2022,40,10,2022
2022-10-08,20221008,8,10,October,4,2022,40,10,2022
2022-10-09,20221009,9,10,October,4,2022,40,10,2022
2022-10-10,20221010,10,10,October,4,2022,41,10,2022
2022-10-11,20221011,11,10,October,4,2022,41,10,2022
2022-10-12,20221012,12,10,October,4,2022,41,10,2022
2022-10-13,20221013,13,10,October,4,2022,41,10,2022
2022-10-14,20221014,14,10,October,4,2022,41,10,2022
2022-10-15,20221015,15,10,October,4,2022,41,10,2022
2022-10-16,20221016,16,10,October,4,2022,41,10,2022
2022-10-17,20221017,17,10,October,4,2022,42,10,2022
2022-10-18,20221018,18,10,October,4,2022,42,10,2022
2022-10-19,20221019,19,10,October,4,2022,42,10,2022
2022-10-20,20221020,20,10,October,4,2022,42,10,2022
2022-10-21,20221021,21,10,October,4,2022,42,10,2022
2022-10-22,20221022,22,10,October,4,2022,42,10,2022
2022-10-23,20221023,23,10,October,4,2022,42,10,2022
2022-10-24,20221024,24,10,October,4,2022,43,10,2022
2022-10-25,20221025,25,10,October,4,2022,43,10,2022
2022-10-26,20221026,26,10,October,4,2022,43,10,2022
2022-10-27,20221027,27,10,October,4,2022,43,10,2022
2022-10-28,20221028,28,10,October,4,2022,43,10,2022
2022-10-29,20221029,29,10,October,4,2022,43,10,2022
2022-10-30,20221030,30,10,October,4,2022,43,10,2022
2022-10-31,20221031,31,10,October,4,2022,44,10,2022
2022-11-01,20221101,1,11,November,4,2022,44,11,2022
2022-11-02,20221102,2,11,November,4,2022,44,11,2022
2022-11-03,20221103,3,11,November,4,2022,44,11,2022
2022-11-04,20221104,4,11,November,4,2022,44,11,2022
2022-11-05,20221105,5,11,November,4,2022,44,11,2022
2022-11-06,20221106,6,11,November,4,2022,44,11,2022
2022-11-07,20221107,7,11,November,4,2022,45,11,2022
2022-11-08,20221108,8,11,November,4,2022,45,11,2022
2022-11-09,20221109,9,11,November,4,2022,45,11,2022
2022-11-10,20221110,10,11,November,4,2022,45,11,2022
2022-11-11,20221111,11,11,November,4,2022,45,11,2022
2022-11-12,20221112,12,11,November,4,2022,45,11,2022
2022-11-13,20221113,13,11,November,4,2022,45,11,2022
2022-11-14,20221114,14,11,November,4,2022,46,11,2022
2022-11-15,20221115,15,11,November,4,2022,46,11,2022
2022-11-16,20221116,16,11,November,4,2022,46,11,2022
2022-11-17,20221117,17,11,November,4,2022,46,11,2022
2022-11-18,20221118,18,11,November,4,2022,46,11,2022
2022-11-19,20221119,19,11,November,4,2022,46,11,2022
2022-11-20,20221120,20,11,November,4,2022,46,11,2022
2022-11-21,20221121,21,11,November,4,2022,47,11,2022
2022-11-22,20221122,22,11,November,4,2022,47,11,2022
2022-11-23,20221123,23,11,November,4,2022,47,11,2022
2022-11-24,20221124,24,11,November,4,2022,47,11,2022
2022-11-25,20221125,25,11,November,4,2022,47,11,2022
2022-11-26,20221126,26,11,November,4,2022,47,11,2022
2022-11-27,20221127,27,11,November,4,2022,47,11,2022
2022-11-28,20221128,28,11,November,4,2022,48,11,2022
2022-11-29,20221129,29,11,November,4,2022,48,11,2022
2022-11-30,20221130,30,11,November,4,2022,48,11,2022
2022-12-01,20221201,1,12,December,4,2022,48,12,2022
2022-12-02,20221202,2,12,December,4,2022,48,12,2022
2022-12-03,20221203,3,12,December,4,2022,48,12,2022
2022-12-04,20221204,4,12,December,4,2022,48,12,2022
2022-12-05,20221205,5,12,December,4,2022,49,12,2022
2022-12-06,20221206,6,12,December,4,2022,49,12,2022
2022-12-07,20221207,7,12,December,4,2022,49,12,2022
2022-12-08,20221208,8,12,December,4,2022,49,12,2022
2022-12-09,20221209,9,12,December,4,2022,49,12,2022
2022-12-10,20221210,10,12,December,4,2022,49,12,2022
2022-12-11,20221211,11,12,December,4,2022,49,12,2022
2022-12-12,20221212,12,12,December,4,2022,50,12,2022
2022-12-13,20221213,13,12,December,4,2022,50,12,2022
2022-12-14,20221214,14,12,December,4,2022,50,12,2022
2022-12-15,20221215,15,12,December,4,2022,50,12,2022
2022-12-16,20221216,16,12,December,4,2022,50,12,2022
2022-12-17,20221217,17,12,December,4,2022,50,12,2022
2022-12-18,20221218,18,12,December,4,2022,50,12,2022
2022-12-19,20221219,19,12,December,4,2022,51,12,2022
2022-12-20,20221220,20,12,December,4,2022,51,12,2022
2022-12-21,20221221,21,12,December,4,2022,51,12,2022
2022-12-22,20221222,22,12,December,4,2022,51,12,2022
2022-12-23,20221223,23,12,December,4,2022,51,12,2022
2022-12-24,20221224,24,12,December,4,2022,51,12,2022
2022-12-25,20221225,25,12,December,4,2022,51,12,2022
2022-12-26,20221226,26,12,December,4,2022,52,12,2022
2022-12-27,20221227,27,12,December,4,2022,52,12,2022
2022-12-28,20221228,28,12,December,4,2022,52,12,2022
2022-12-29,20221229,29,12,December,4,2022,52,12,2022
2022-12-30,20221230,30,12,December,4,2022,52,12,2022
2022-12-31,20221231,31,12,December,4,2022,52,12,2022
2023-01-01,20230101,1,1,January,1,2023,52,1,2023
2023-01-02,20230102,2,1,January,1,2023,1,1,2023
2023-01-03,20230103,3,1,January,1,2023,1,1,2023
2023-01-04,20230104,4,1,January,1,2023,1,1,2023
2023-01-05,20230105,5,1,January,1,2023,1,1,2023
2023-01-06,20230106,6,1,January,1,2023,1,1,2023
2023-01-07,20230107,7,1,January,1,2023,1,1,2023
2023-01-08,20230108,8,1,January,1,2023,1,1,2023
2023-01-09,20230109,9,1,January,1,2023,2,1,2023
2023-01-10,20230110,10,1,January,1,2023,2,1,2023
2023-01-11,20230111,11,1,January,1,2023,2,1,2023
2023-01-12,20230112,12,1,January,1,2023,2,1,2023
2023-01-13,20230113,13,1,January,1,2023,2,1,2023
2023-01-14,20230114,14,1,January,1,2023,2,1,2023
2023-01-15,20230115,15,1,January,1,2023,2,1,2023
2023-01-16,20230116,16,1,January,1,2023,3,1,2023
2023-01-17,20230117,17,1,January,1,2023,3,1,2023
2023-01-18,20230118,18,1,January,1,2023,3,1,2023
2023-01-19,20230119,19,1,January,1,2023,3,1,2023
2023-01-20,20230120,20,1,January,1,2023,3,1,2023
2023-01-21,20230121,21,1,January,1,2023,3,1,2023
2023-01-22,20230122,22,1,January,1,2023,3,1,2023
2023-01-23,20230123,23,1,January,1,2023,4,1,2023
2023-01-24,20230124,24,1,January,1,2023,4,1,2023
2023-01-25,20230125,25,1,January,1,2023,4,1,2023
2023-01-26,20230126,26,1,January,1,2023,4,1,2023
2023-01-27,20230127,27,1,January,1,2023,4,1,2023
2023-01-28,20230128,28,1,January,1,2023,4,1,2023
2023-01-29,20230129,29,1,January,1,2023,4,1,2023
2023-01-30,20230130,30,1,January,1,2023,5,1,2023
2023-01-31,20230131,31,1,January,1,2023,5,1,2023
2023-02-01,20230201,1,2,February,1,2023,5,2,2023
2023-02-02,20230202,2,2,February,1,2023,5,2,2023
2023-02-03,20230203,3,2,February,1,2023,5,2,2023
2023-02-04,20230204,4,2,February,1,2023,5,2,2023
2023-02-05,20230205,5,2,February,1,2023,5,2,2023
2023-02-06,20230206,6,2,February,1,2023,6,2,2023
2023-02-07,20230207,7,2,February,1,2023,6,2,2023
2023-02-08,20230208,8,2,February,1,2023,6,2,2023
2023-02-09,20230209,9,2,February,1,2023,6,2,2023
2023-02-10,20230210,10,2,February,1,2023,6,2,2023
2023-02-11,20230211,11,2,February,1,2023,6,2,2023
2023-02-12,20230212,12,2,February,1,2023,6,2,2023
2023-02-13,20230213,13,2,February,1,2023,7,2,2023
2023-02-14,20230214,14,2,February,1,2023,7,2,2023
2023-02-15,20230215,15,2,February,1,2023,7,2,2023
2023-02-16,20230216,16,2,February,1,2023,7,2,2023
2023-02-17,20230217,17,2,February,1,2023,7,2,2023
2023-02-18,20230218,18,2,February,1,2023,7,2,2023
2023-02-19,20230219,19,2,February,1,2023,7,2,2023
2023-02-20,20230220,20,2,February,1,2023,8,2,2023
2023-02-21,20230221,21,2,February,1,2023,8,2,2023
2023-02-22,20230222,22,2,February,1,2023,8,2,2023
2023-02-23,20230223,23,2,February,1,2023,8,2,2023
2023-02-24,20230224,24,2,February,1,2023,8,2,2023
2023-02-25,20230225,25,2,February,1,2023,8,2,2023
2023-02-26,20230226,26,2,February,1,2023,8,2,2023
2023-02-27,20230227,27,2,February,1,2023,9,2,2023
2023-02-28,20230228,28,2,February,1,2023,9,2,2023
2023-03-01,20230301,1,3,March,1,2023,9,3,2023
2023-03-02,20230302,2,3,March,1,2023,9,3,2023
2023-03-03,20230303,3,3,March,1,2023,9,3,2023
2023-03-04,20230304,4,3,March,1,2023,9,3,2023
2023-03-05,20230305,5,3,March,1,2023,9,3,2023
2023-03-06,20230306,6,3,March,1,2023,10,3,2023
2023-03-07,20230307,7,3,March,1,2023,10,3,2023
2023-03-08,20230308,8,3,March,1,2023,10,3,2023
2023-03-09,20230309,9,3,March,1,2023,10,3,2023
2023-03-10,20230310,10,3,March,1,2023,10,3,2023
2023-03-11,20230311,11,3,March,1,2023,10,3,2023
2023-03-12,20230312,12,3,March,1,2023,10,3,2023
2023-03-13,20230313,13,3,March,1,2023,11,3,2023
2023-03-14,20230314,14,3,March,1,2023,11,3,2023
2023-03-15,20230315,15,3,March,1,2023,11,3,2023
2023-03-16,20230316,16,3,March,1,2023,11,3,2023
2023-03-17,20230317,17,3,March,1,2023,11,3,2023
2023-03-18,20230318,18,3,March,1,2023,11,3,2023
2023-03-19,20230319,19,3,March,1,2023,11,3,2023
2023-03-20,20230320,20,3,March,1,2023,12,3,2023
2023-03-21,20230321,21,3,March,1,2023,12,3,2023
2023-03-22,20230322,22,3,March,1,2023,12,3,2023
2023-03-23,20230323,23,3,March,1,2023,12,3,2023
2023-03-24,20230324,24,3,March,1,2023,12,3,2023
2023-03-25,20230325,25,3,March,1,2023,12,3,2023
2023-03-26,20230326,26,3,March,1,2023,12,3,2023
2023-03-27,20230327,27,3,March,1,2023,13,3,2023
2023-03-28,20230328,28,3,March,1,2023,13,3,2023
2023-03-29,20230329,29,3,March,1,2023,13,3,2023
2023-03-30,20230330,30,3,March,1,2023,13,3,2023
2023-03-31,20230331,31,3,March,1,2023,13,3,2023
2023-04-01,20230401,1,4,April,2,2023,13,4,2023
2023-04-02,20230402,2,4,April,2,2023,13,4,2023
2023-04-03,20230403,3,4,April,2,2023,14,4,2023
2023-04-04,20230404,4,4,April,2,2023,14,4,2023
2023-04-05,20230405,5,4,April,2,2023,14,4,2023
2023-04-06,20230406,6,4,April,2,2023,14,4,2023
2023-04-07,20230407,7,4,April,2,2023,14,4,2023
2023-04-08,20230408,8,4,April,2,2023,14,4,2023
2023-04-09,20230409,9,4,April,2,2023,14,4,2023
2023-04-10,20230410,10,4,April,2,2023,15,4,2023
2023-04-11,20230411,11,4,April,2,2023,15,4,2023
2023-04-12,20230412,12,4,April,2,2023,15,4,2023
2023-04-13,20230413,13,4,April,2,2023,15,4,2023
2023-04-14,20230414,14,4,April,2,2023,15,4,2023
2023-04-15,20230415,15,4,April,2,2023,15,4,2023
2023-04-16,20230416,16,4,April,2,2023,15,4,2023
2023-04-17,20230417,17,4,April,2,2023,16,4,2023
2023-04-18,20230418,18,4,April,2,2023,16,4,2023
2023-04-19,20230419,19,4,April,2,2023,16,4,2023
2023-04-20,20230420,20,4,April,2,2023,16,4,2023
2023-04-21,20230421,21,4,April,2,2023,16,4,2023
2023-04-22,20230422,22,4,April,2,2023,16,4,2023
2023-04-23,20230423,23,4,April,2,2023,16,4,2023
2023-04-24,20230424,24,4,April,2,2023,17,4,2023
2023-04-25,20230425,25,4,April,2,2023,17,4,2023
2023-04-26,20230426,26,4,April,2,2023,17,4,2023
2023-04-27,20230427,27,4,April,2,2023,17,4,2023
2023-04-28,20230428,28,4,April,2,2023,17,4,2023
2023-04-29,20230429,29,4,April,2,2023,17,4,2023
2023-04-30,20230430,30,4,April,2,2023,17,4,2023
2023-05-01,20230501,1,5,May,2,2023,18,5,2023
2023-05-02,20230502,2,5,May,2,2023,18,5,2023
2023-05-03,20230503,3,5,May,2,2023,18,5,2023
2023-05-04,20230504,4,5,May,2,2023,18,5,2023
2023-05-05,20230505,5,5,May,2,2023,18,5,2023
2023-05-06,20230506,6,5,May,2,2023,18,5,2023
2023-05-07,20230507,7,5,May,2,2023,18,5,2023
2023-05-08,20230508,8,5,May,2,2023,19,5,2023
2023-05-09,20230509,9,5,May,2,2023,19,5,2023
2023-05-10,20230510,10,5,May,2,2023,19,5,2023
2023-05-11,20230511,11,5,May,2,2023,19,5,2023
2023-05-12,20230512,12,5,May,2,2023,19,5,2023
2023-05-13,20230513,13,5,May,2,2023,19,5,2023
2023-05-14,20230514,14,5,May,2,2023,19,5,2023
2023-05-15,20230515,15,5,May,2,2023,20,5,2023
2023-05-16,20230516,16,5,May,2,2023,20,5,2023
2023-05-17,20230517,17,5,May,2,2023,20,5,2023
2023-05-18,20230518,18,5,May,2,2023,20,5,2023
2023-05-19,20230519,19,5,May,2,2023,20,5,2023
2023-05-20,20230520,20,5,May,2,2023,20,5,2023
2023-05-21,20230521,21,5,May,2,2023,20,5,2023
2023-05-22,20230522,22,5,May,2,2023,21,5,2023
2023-05-23,20230523,23,5,May,2,2023,21,5,2023
2023-05-24,20230524,24,5,May,2,2023,21,5,2023
2023-05-25,20230525,25,5,May,2,2023,21,5,2023
2023-05-26,20230526,26,5,May,2,2023,21,5,2023
2023-05-27,20230527,27,5,May,2,2023,21,5,2023
2023-05-28,20230528,28,5,May,2,2023,21,5,2023
2023-05-29,20230529,29,5,May,2,2023,22,5,2023
2023-05-30,20230530,30,5,May,2,2023,22,5,2023
2023-05-31,20230531,31,5,May,2,2023,22,5,2023
2023-06-01,20230601,1,6,June,2,2023,22,6,2023
2023-06-02,20230602,2,6,June,2,2023,22,6,2023
2023-06-03,20230603,3,6,June,2,2023,22,6,2023
2023-06-04,20230604,4,6,June,2,2023,22,6,2023
2023-06-05,20230605,5,6,June,2,2023,23,6,2023
2023-06-06,20230606,6,6,June,2,2023,23,6,2023
2023-06-07,20230607,7,6,June,2,2023,23,6,2023
2023-06-08,20230608,8,6,June,2,2023,23,6,2023
2023-06-09,20230609,9,6,June,2,2023,23,6,2023
2023-06-10,20230610,10,6,June,2,2023,23,6,2023
2023-06-11,20230611,11,6,June,2,2023,23,6,2023
2023-06-12,20230612,12,6,June,2,2023,24,6,2023
2023-06-13,20230613,13,6,June,2,2023,24,6,2023
2023-06-14,20230614,14,6,June,2,2023,24,6,2023
2023-06-15,20230615,15,6,June,2,2023,24,6,2023
2023-06-16,20230616,16,6,June,2,2023,24,6,2023
2023-06-17,20230617,17,6,June,2,2023,24,6,2023
2023-06-18,20230618,18,6,June,2,2023,24,6,2023
2023-06-19,20230619,19,6,June,2,2023,25,6,2023
2023-06-20,20230620,20,6,June,2,2023,25,6,2023
2023-06-21,20230621,21,6,June,2,2023,25,6,2023
2023-06-22,20230622,22,6,June,2,2023,25,6,2023
2023-06-23,20230623,23,6,June,2,2023,25,6,2023
2023-06-24,20230624,24,6,June,2,2023,25,6,2023
2023-06-25,20230625,25,6,June,2,2023,25,6,2023
2023-06-26,20230626,26,6,June,2,2023,26,6,2023
2023-06-27,20230627,27,6,June,2,2023,26,6,2023
2023-06-28,20230628,28,6,June,2,2023,26,6,2023
2023-06-29,20230629,29,6,June,2,2023,26,6,2023
2023-06-30,20230630,30,6,June,2,2023,26,6,2023
2023-07-01,20230701,1,7,July,3,2023,26,7,2023
2023-07-02,20230702,2,7,July,3,2023,26,7,2023
2023-07-03,20230703,3,7,July,3,2023,27,7,2023
2023-07-04,20230704,4,7,July,3,2023,27,7,2023
2023-07-05,20230705,5,7,July,3,2023,27,7,2023
2023-07-06,20230706,6,7,July,3,2023,27,7,2023
2023-07-07,20230707,7,7,July,3,2023,27,7,2023
2023-07-08,20230708,8,7,July,3,2023,27,7,2023
2023-07-09,20230709,9,7,July,3,2023,27,7,2023
2023-07-10,20230710,10,7,July,3,2023,28,7,2023
2023-07-11,20230711,11,7,July,3,2023,28,7,2023
2023-07-12,20230712,12,7,July,3,2023,28,7,2023
2023-07-13,20230713,13,7,July,3,2023,28,7,2023
2023-07-14,20230714,14,7,July,3,2023,28,7,2023
2023-07-15,20230715,15,7,July,3,2023,28,7,2023
2023-07-16,20230716,16,7,July,3,2023,28,7,2023
2023-07-17,20230717,17,7,July,3,2023,29,7,2023
2023-07-18,20230718,18,7,July,3,2023,29,7,2023
2023-07-19,20230719,19,7,July,3,2023,29,7,2023
2023-07-20,20230720,20,7,July,3,2023,29,7,2023
2023-07-21,20230721,21,7,July,3,2023,29,7,2023
2023-07-22,20230722,22,7,July,3,2023,29,7,2023
2023-07-23,20230723,23,7,July,3,2023,29,7,2023
2023-07-24,20230724,24,7,July,3,2023,30,7,2023
2023-07-25,20230725,25,7,July,3,2023,30,7,2023
2023-07-26,20230726,26,7,July,3,2023,30,7,2023
2023-07-27,20230727,27,7,July,3,2023,30,7,2023
2023-07-28,20230728,28,7,July,3,2023,30,7,2023
2023-07-29,20230729,29,7,July,3,2023,30,7,2023
2023-07-30,20230730,30,7,July,3,2023,30,7,2023
2023-07-31,20230731,31,7,July,3,2023,31,7,2023
2023-08-01,20230801,1,8,August,3,2023,31,8,2023
2023-08-02,20230802,2,8,August,3,2023,31,8,2023
2023-08-03,20230803,3,8,August,3,2023,31,8,2023
2023-08-04,20230804,4,8,August,3,2023,31,8,2023
2023-08-05,20230805,5,8,August,3,2023,31,8,2023
2023-08-06,20230806,6,8,August,3,2023,31,8,2023
2023-08-07,20230807,7,8,August,3,2023,32,8,2023
2023-08-08,20230808,8,8,August,3,2023,32,8,2023
2023-08-09,20230809,9,8,August,3,2023,32,8,2023
2023-08-10,20230810,10,8,August,3,2023,32,8,2023
2023-08-11,20230811,11,8,August,3,2023,32,8,2023
2023-08-12,20230812,12,8,August,3,2023,32,8,2023
2023-08-13,20230813,13,8,August,3,2023,32,8,2023
2023-08-14,20230814,14,8,August,3,2023,33,8,2023
2023-08-15,20230815,15,8,August,3,2023,33,8,2023
2023-08-16,20230816,16,8,August,3,2023,33,8,2023
2023-08-17,20230817,17,8,August,3,2023,33,8,2023
2023-08-18,20230818,18,8,August,3,2023,33,8,2023
2023-08-19,20230819,19,8,August,3,2023,33,8,2023
2023-08-20,20230820,20,8,August,3,2023,33,8,2023
2023-08-21,20230821,21,8,August,3,2023,34,8,2023
2023-08-22,20230822,22,8,August,3,2023,34,8,2023
2023-08-23,20230823,23,8,August,3,2023,34,8,2023
2023-08-24,20230824,24,8,August,3,2023,34,8,2023
2023-08-25,20230825,25,8,August,3,2023,34,8,2023
2023-08-26,20230826,26,8,August,3,2023,34,8,2023
2023-08-27,20230827,27,8,August,3,2023,34,8,2023
2023-08-28,20230828,28,8,August,3,2023,35,8,2023
2023-08-29,20230829,29,8,August,3,2023,35,8,2023
2023-08-30,20230830,30,8,August,3,2023,35,8,2023
2023-08-31,20230831,31,8,August,3,2023,35,8,2023
2023-09-01,20230901,1,9,September,3,2023,35,9,2023
2023-09-02,20230902,2,9,September,3,2023,35,9,2023
2023-09-03,20230903,3,9,September,3,2023,35,9,2023
2023-09-04,20230904,4,9,September,3,2023,36,9,2023
2023-09-05,20230905,5,9,September,3,2023,36,9,2023
2023-09-06,20230906,6,9,September,3,2023,36,9,2023
2023-09-07,20230907,7,9,September,3,2023,36,9,2023
2023-09-08,20230908,8,9,September,3,2023,36,9,2023
2023-09-09,20230909,9,9,September,3,2023,36,9,2023
2023-09-10,20230910,10,9,September,3,2023,36,9,2023
2023-09-11,20230911,11,9,September,3,2023,37,9,2023
2023-09-12,20230912,12,9,September,3,2023,37,9,2023
2023-09-13,20230913,13,9,September,3,2023,37,9,2023
2023-09-14,20230914,14,9,September,3,2023,37,9,2023
2023-09-15,20230915,15,9,September,3,2023,37,9,2023
2023-09-16,20230916,16,9,September,3,2023,37,9,2023
2023-09-17,20230917,17,9,September,3,2023,37,9,2023
2023-09-18,20230918,18,9,September,3,2023,38,9,2023
2023-09-19,20230919,19,9,September,3,2023,38,9,2023
2023-09-20,20230920,20,9,September,3,2023,38,9,2023
2023-09-21,20230921,21,9,September,3,2023,38,9,2023
2023-09-22,20230922,22,9,September,3,2023,38,9,2023
2023-09-23,20230923,23,9,September,3,2023,38,9,2023
2023-09-24,20230924,24,9,September,3,2023,38,9,2023
2023-09-25,20230925,25,9,September,3,2023,39,9,2023
2023-09-26,20230926,26,9,September,3,2023,39,9,2023
2023-09-27,20230927,27,9,September,3,2023,39,9,2023
2023-09-28,20230928,28,9,September,3,2023,39,9,2023
2023-09-29,20230929,29,9,September,3,2023,39,9,2023
2023-09-30,20230930,30,9,September,3,2023,39,9,2023
2023-10-01,20231001,1,10,October,4,2023,39,10,2023
2023-10-02,20231002,2,10,October,4,2023,40,10,2023
2023-10-03,20231003,3,10,October,4,2023,40,10,2023
2023-10-04,20231004,4,10,October,4,2023,40,10,2023
2023-10-05,20231005,5,10,October,4,2023,40,10,2023
2023-10-06,20231006,6,10,October,4,2023,40,10,2023
2023-10-07,20231007,7,10,October,4,2023,40,10,2023
2023-10-08,20231008,8,10,October,4,2023,40,10,2023
2023-10-09,20231009,9,10,October,4,2023,41,10,2023
2023-10-10,20231010,10,10,October,4,2023,41,10,2023
2023-10-11,20231011,11,10,October,4,2023,41,10,2023
2023-10-12,20231012,12,10,October,4,2023,41,10,2023
2023-10-13,20231013,13,10,October,4,2023,41,10,2023
2023-10-14,20231014,14,10,October,4,2023,41,10,2023
2023-10-15,20231015,15,10,October,4,2023,41,10,2023
2023-10-16,20231016,16,10,October,4,2023,42,10,2023
2023-10-17,20231017,17,10,October,4,2023,42,10,2023
2023-10-18,20231018,18,10,October,4,2023,42,10,2023
2023-10-19,20231019,19,10,October,4,2023,42,10,2023
2023-10-20,20231020,20,10,October,4,2023,42,10,2023
2023-10-21,20231021,21,10,October,4,2023,42,10,2023
2023-10-22,20231022,22,10,October,4,2023,42,10,2023
2023-10-23,20231023,23,10,October,4,2023,43,10,2023
2023-10-24,20231024,24,10,October,4,2023,43,10,2023
2023-10-25,20231025,25,10,October,4,2023,43,10,2023
2023-10-26,20231026,26,10,October,4,2023,43,10,2023
2023-10-27,20231027,27,10,October,4,2023,43,10,2023
2023-10-28,20231028,28,10,October,4,2023,43,10,2023
2023-10-29,20231029,29,10,October,4,2023,43,10,2023
2023-10-30,20231030,30,10,October,4,2023,44,10,2023
2023-10-31,20231031,31,10,October,4,2023,44,10,2023
2023-11-01,20231101,1,11,November,4,2023,44,11,2023
2023-11-02,20231102,2,11,November,4,2023,44,11,2023
2023-11-03,20231103,3,11,November,4,2023,44,11,2023
2023-11-04,20231104,4,11,November,4,2023,44,11,2023
2023-11-05,20231105,5,11,November,4,2023,44,11,2023
2023-11-06,20231106,6,11,November,4,2023,45,11,2023
2023-11-07,20231107,7,11,November,4,2023,45,11,2023
2023-11-08,20231108,8,11,November,4,2023,45,11,2023
2023-11-09,20231109,9,11,November,4,2023,45,11,2023
2023-11-10,20231110,10,11,November,4,2023,45,11,2023
2023-11-11,20231111,11,11,November,4,2023,45,11,2023
2023-11-12,20231112,12,11,November,4,2023,45,11,2023
2023-11-13,20231113,13,11,November,4,2023,46,11,2023
2023-11-14,20231114,14,11,November,4,2023,46,11,2023
2023-11-15,20231115,15,11,November,4,2023,46,11,2023
2023-11-16,20231116,16,11,November,4,2023,46,11,2023
2023-11-17,20231117,17,11,November,4,2023,46,11,2023
2023-11-18,20231118,18,11,November,4,2023,46,11,2023
2023-11-19,20231119,19,11,November,4,2023,46,11,2023
2023-11-20,20231120,20,11,November,4,2023,47,11,2023
2023-11-21,20231121,21,11,November,4,2023,47,11,2023
2023-11-22,20231122,22,11,November,4,2023,47,11,2023
2023-11-23,20231123,23,11,November,4,2023,47,11,2023
2023-11-24,20231124,24,11,November,4,2023,47,11,2023
2023-11-25,20231125,25,11,November,4,2023,47,11,2023
2023-11-26,20231126,26,11,November,4,2023,47,11,2023
2023-11-27,20231127,27,11,November,4,2023,48,11,2023
2023-11-28,20231128,28,11,November,4,2023,48,11,2023
2023-11-29,20231129,29,11,November,4,2023,48,11,2023
2023-11-30,20231130,30,11,November,4,2023,48,11,2023
2023-12-01,20231201,1,12,December,4,2023,48,12,2023
2023-12-02,20231202,2,12,December,4,2023,48,12,2023
2023-12-03,20231203,3,12,December,4,2023,48,12,2023
2023-12-04,20231204,4,12,December,4,2023,49,12,2023
2023-12-05,20231205,5,12,December,4,2023,49,12,2023
2023-12-06,20231206,6,12,December,4,2023,49,12,2023
2023-12-07,20231207,7,12,December,4,2023,49,12,2023
2023-12-08,20231208,8,12,December,4,2023,49,12,2023
2023-12-09,20231209,9,12,December,4,2023,49,12,2023
2023-12-10,20231210,10,12,December,4,2023,49,12,2023
2023-12-11,20231211,11,12,December,4,2023,50,12,2023
2023-12-12,20231212,12,12,December,4,2023,50,12,2023
2023-12-13,20231213,13,12,December,4,2023,50,12,2023
2023-12-14,20231214,14,12,December,4,2023,50,12,2023
2023-12-15,20231215,15,12,December,4,2023,50,12,2023
2023-12-16,20231216,16,12,December,4,2023,50,12,2023
2023-12-17,20231217,17,12,December,4,2023,50,12,2023
2023-12-18,20231218,18,12,December,4,2023,51,12,2023
2023-12-19,20231219,19,12,December,4,2023,51,12,2023
2023-12-20,20231220,20,12,December,4,2023,51,12,2023
2023-12-21,20231221,21,12,December,4,2023,51,12,2023
2023-12-22,20231222,22,12,December,4,2023,51,12,2023
2023-12-23,20231223,23,12,December,4,2023,51,12,2023
2023-12-24,20231224,24,12,December,4,2023,51,12,2023
2023-12-25,20231225,25,12,December,4,2023,52,12,2023
2023-12-26,20231226,26,12,December,4,2023,52,12,2023
2023-12-27,20231227,27,12,December,4,2023,52,12,2023
2023-12-28,20231228,28,12,December,4,2023,52,12,2023
2023-12-29,20231229,29,12,December,4,2023,52,12,2023
2023-12-30,20231230,30,12,December,4,2023,52,12,2023
2023-12-31,20231231,31,12,December,4,2023,52,12,2023
2024-01-01,20240101,1,1,January,1,2024,1,1,2024
2024-01-02,20240102,2,1,January,1,2024,1,1,2024
2024-01-03,20240103,3,1,January,1,2024,1,1,2024
2024-01-04,20240104,4,1,January,1,2024,1,1,2024
2024-01-05,20240105,5,1,January,1,2024,1,1,2024
2024-01-06,20240106,6,1,January,1,2024,1,1,2024
2024-01-07,20240107,7,1,January,1,2024,1,1,2024
2024-01-08,20240108,8,1,January,1,2024,2,1,2024
2024-01-09,20240109,9,1,January,1,2024,2,1,2024
2024-01-10,20240110,10,1,January,1,2024,2,1,2024
2024-01-11,20240111,11,1,January,1,2024,2,1,2024
2024-01-12,20240112,12,1,January,1,2024,2,1,2024
2024-01-13,20240113,13,1,January,1,2024,2,1,2024
2024-01-14,20240114,14,1,January,1,2024,2,1,2024
2024-01-15,20240115,15,1,January,1,2024,3,1,2024
2024-01-16,20240116,16,1,January,1,2024,3,1,2024
2024-01-17,20240117,17,1,January,1,2024,3,1,2024
2024-01-18,20240118,18,1,January,1,2024,3,1,2024
2024-01-19,20240119,19,1,January,1,2024,3,1,2024
2024-01-20,20240120,20,1,January,1,2024,3,1,2024
2024-01-21,20240121,21,1,January,1,2024,3,1,2024
2024-01-22,20240122,22,1,January,1,2024,4,1,2024
2024-01-23,20240123,23,1,January,1,2024,4,1,2024
2024-01-24,20240124,24,1,January,1,2024,4,1,2024
2024-01-25,20240125,25,1,January,1,2024,4,1,2024
2024-01-26,20240126,26,1,January,1,2024,4,1,2024
2024-01-27,20240127,27,1,January,1,2024,4,1,2024
2024-01-28,20240128,28,1,January,1,2024,4,1,2024
2024-01-29,20240129,29,1,January,1,2024,5,1,2024
2024-01-30,20240130,30,1,January,1,2024,5,1,2024
2024-01-31,20240131,31,1,January,1,2024,5,1,2024
2024-02-01,20240201,1,2,February,1,2024,5,2,2024
2024-02-02,20240202,2,2,February,1,2024,5,2,2024
2024-02-03,20240203,3,2,February,1,2024,5,2,2024
2024-02-04,20240204,4,2,February,1,2024,5,2,2024
2024-02-05,20240205,5,2,February,1,2024,6,2,2024
2024-02-06,20240206,6,2,February,1,2024,6,2,2024
2024-02-07,20240207,7,2,February,1,2024,6,2,2024
2024-02-08,20240208,8,2,February,1,2024,6,2,2024
2024-02-09,20240209,9,2,February,1,2024,6,2,2024
2024-02-10,20240210,10,2,February,1,2024,6,2,2024
2024-02-11,20240211,11,2,February,1,2024,6,2,2024
2024-02-12,20240212,12,2,February,1,2024,7,2,2024
2024-02-13,20240213,13,2,February,1,2024,7,2,2024
2024-02-14,20240214,14,2,February,1,2024,7,2,2024
2024-02-15,20240215,15,2,February,1,2024,7,2,2024
2024-02-16,20240216,16,2,February,1,2024,7,2,2024
2024-02-17,20240217,17,2,February,1,2024,7,2,2024
2024-02-18,20240218,18,2,February,1,2024,7,2,2024
2024-02-19,20240219,19,2,February,1,2024,8,2,2024
2024-02-20,20240220,20,2,February,1,2024,8,2,2024
2024-02-21,20240221,21,2,February,1,2024,8,2,2024
2024-02-22,20240222,22,2,February,1,2024,8,2,2024
2024-02-23,20240223,23,2,February,1,2024,8,2,2024
2024-02-24,20240224,24,2,February,1,2024,8,2,2024
2024-02-25,20240225,25,2,February,1,2024,8,2,2024
2024-02-26,20240226,26,2,February,1,2024,9,2,2024
2024-02-27,20240227,27,2,February,1,2024,9,2,2024
2024-02-28,20240228,28,2,February,1,2024,9,2,2024
2024-02-29,20240229,29,2,February,1,2024,9,2,2024
2024-03-01,20240301,1,3,March,1,2024,9,3,2024
2024-03-02,20240302,2,3,March,1,2024,9,3,2024
2024-03-03,20240303,3,3,March,1,2024,9,3,2024
2024-03-04,20240304,4,3,March,1,2024,10,3,2024
2024-03-05,20240305,5,3,March,1,2024,10,3,2024
2024-03-06,20240306,6,3,March,1,2024,10,3,2024
2024-03-07,20240307,7,3,March,1,2024,10,3,2024
2024-03-08,20240308,8,3,March,1,2024,10,3,2024
2024-03-09,20240309,9,3,March,1,2024,10,3,2024
2024-03-10,20240310,10,3,March,1,2024,10,3,2024
2024-03-11,20240311,11,3,March,1,2024,11,3,2024
2024-03-12,20240312,12,3,March,1,2024,11,3,2024
2024-03-13,20240313,13,3,March,1,2024,11,3,2024
2024-03-14,20240314,14,3,March,1,2024,11,3,2024
2024-03-15,20240315,15,3,March,1,2024,11,3,2024
2024-03-16,20240316,16,3,March,1,2024,11,3,2024
2024-03-17,20240317,17,3,March,1,2024,11,3,2024
2024-03-18,20240318,18,3,March,1,2024,12,3,2024
2024-03-19,20240319,19,3,March,1,2024,12,3,2024
2024-03-20,20240320,20,3,March,1,2024,12,3,2024
2024-03-21,20240321,21,3,March,1,2024,12,3,2024
2024-03-22,20240322,22,3,March,1,2024,12,3,2024
2024-03-23,20240323,23,3,March,1,2024,12,3,2024
2024-03-24,20240324,24,3,March,1,2024,12,3,2024
2024-03-25,20240325,25,3,March,1,2024,13,3,2024
2024-03-26,20240326,26,3,March,1,2024,13,3,2024
2024-03-27,20240327,27,3,March,1,2024,13,3,2024
2024-03-28,20240328,28,3,March,1,2024,13,3,2024
2024-03-29,20240329,29,3,March,1,2024,13,3,2024
2024-03-30,20240330,30,3,March,1,2024,13,3,2024
2024-03-31,20240331,31,3,March,1,2024,13,3,2024
2024-04-01,20240401,1,4,April,2,2024,14,4,2024
2024-04-02,20240402,2,4,April,2,2024,14,4,2024
2024-04-03,20240403,3,4,April,2,2024,14,4,2024
2024-04-04,20240404,4,4,April,2,2024,14,4,2024
2024-04-05,20240405,5,4,April,2,2024,14,4,2024
2024-04-06,20240406,6,4,April,2,2024,14,4,2024
2024-04-07,20240407,7,4,April,2,2024,14,4,2024
2024-04-08,20240408,8,4,April,2,2024,15,4,2024
2024-04-09,20240409,9,4,April,2,2024,15,4,2024
2024-04-10,20240410,10,4,April,2,2024,15,4,2024
2024-04-11,20240411,11,4,April,2,2024,15,4,2024
2024-04-12,20240412,12,4,April,2,2024,15,4,2024
2024-04-13,20240413,13,4,April,2,2024,15,4,2024
2024-04-14,20240414,14,4,April,2,2024,15,4,2024
2024-04-15,20240415,15,4,April,2,2024,16,4,2024
2024-04-16,20240416,16,4,April,2,2024,16,4,2024
2024-04-17,20240417,17,4,April,2,2024,16,4,2024
2024-04-18,20240418,18,4,April,2,2024,16,4,2024
2024-04-19,20240419,19,4,April,2,2024,16,4,2024
2024-04-20,20240420,20,4,April,2,2024,16,4,2024
2024-04-21,20240421,21,4,April,2,2024,16,4,2024
2024-04-22,20240422,22,4,April,2,2024,17,4,2024
2024-04-23,20240423,23,4,April,2,2024,17,4,2024
2024-04-24,20240424,24,4,April,2,2024,17,4,2024
2024-04-25,20240425,25,4,April,2,2024,17,4,2024
2024-04-26,20240426,26,4,April,2,2024,17,4,2024
2024-04-27,20240427,27,4,April,2,2024,17,4,2024
2024-04-28,20240428,28,4,April,2,2024,17,4,2024
2024-04-29,20240429,29,4,April,2,2024,18,4,2024
2024-04-30,20240430,30,4,April,2,2024,18,4,2024
2024-05-01,20240501,1,5,May,2,2024,18,5,2024
2024-05-02,20240502,2,5,May,2,2024,18,5,2024
2024-05-03,20240503,3,5,May,2,2024,18,5,2024
2024-05-04,20240504,4,5,May,2,2024,18,5,2024
2024-05-05,20240505,5,5,May,2,2024,18,5,2024
2024-05-06,20240506,6,5,May,2,2024,19,5,2024
2024-05-07,20240507,7,5,May,2,2024,19,5,2024
2024-05-08,20240508,8,5,May,2,2024,19,5,2024
2024-05-09,20240509,9,5,May,2,2024,19,5,2024
2024-05-10,20240510,10,5,May,2,2024,19,5,2024
2024-05-11,20240511,11,5,May,2,2024,19,5,2024
2024-05-12,20240512,12,5,May,2,2024,19,5,2024
2024-05-13,20240513,13,5,May,2,2024,20,5,2024
2024-05-14,20240514,14,5,May,2,2024,20,5,2024
2024-05-15,20240515,15,5,May,2,2024,20,5,2024
2024-05-16,20240516,16,5,May,2,2024,20,5,2024
2024-05-17,20240517,17,5,May,2,2024,20,5,2024
2024-05-18,20240518,18,5,May,2,2024,20,5,2024
2024-05-19,20240519,19,5,May,2,2024,20,5,2024
2024-05-20,20240520,20,5,May,2,2024,21,5,2024
2024-05-21,20240521,21,5,May,2,2024,21,5,2024
2024-05-22,20240522,22,5,May,2,2024,21,5,2024
2024-05-23,20240523,23,5,May,2,2024,21,5,2024
2024-05-24,20240524,24,5,May,2,2024,21,5,2024
2024-05-25,20240525,25,5,May,2,2024,21,5,2024
2024-05-26,20240526,26,5,May,2,2024,21,5,2024
2024-05-27,20240527,27,5,May,2,2024,22,5,2024
2024-05-28,20240528,28,5,May,2,2024,22,5,2024
2024-05-29,20240529,29,5,May,2,2024,22,5,2024
2024-05-30,20240530,30,5,May,2,2024,22,5,2024
2024-05-31,20240531,31,5,May,2,2024,22,5,2024
2024-06-01,20240601,1,6,June,2,2024,22,6,2024
2024-06-02,20240602,2,6,June,2,2024,22,6,2024
2024-06-03,20240603,3,6,June,2,2024,23,6,2024
2024-06-04,20240604,4,6,June,2,2024,23,6,2024
2024-06-05,20240605,5,6,June,2,2024,23,6,2024
2024-06-06,20240606,6,6,June,2,2024,23,6,2024
2024-06-07,20240607,7,6,June,2,2024,23,6,2024
2024-06-08,20240608,8,6,June,2,2024,23,6,2024
2024-06-09,20240609,9,6,June,2,2024,23,6,2024
2024-06-10,20240610,10,6,June,2,2024,24,6,2024
2024-06-11,20240611,11,6,June,2,2024,24,6,2024
2024-06-12,20240612,12,6,June,2,2024,24,6,2024
2024-06-13,20240613,13,6,June,2,2024,24,6,2024
2024-06-14,20240614,14,6,June,2,2024,24,6,2024
2024-06-15,20240615,15,6,June,2,2024,24,6,2024
2024-06-16,20240616,16,6,June,2,2024,24,6,2024
2024-06-17,20240617,17,6,June,2,2024,25,6,2024
2024-06-18,20240618,18,6,June,2,2024,25,6,2024
2024-06-19,20240619,19,6,June,2,2024,25,6,2024
2024-06-20,20240620,20,6,June,2,2024,25,6,2024
2024-06-21,20240621,21,6,June,2,2024,25,6,2024
2024-06-22,20240622,22,6,June,2,2024,25,6,2024
2024-06-23,20240623,23,6,June,2,2024,25,6,2024
2024-06-24,20240624,24,6,June,2,2024,26,6,2024
2024-06-25,20240625,25,6,June,2,2024,26,6,2024
2024-06-26,20240626,26,6,June,2,2024,26,6,2024
2024-06-27,20240627,27,6,June,2,2024,26,6,2024
2024-06-28,20240628,28,6,June,2,2024,26,6,2024
2024-06-29,20240629,29,6,June,2,2024,26,6,2024
2024-06-30,20240630,30,6,June,2,2024,26,6,2024
2024-07-01,20240701,1,7,July,3,2024,27,7,2024
2024-07-02,20240702,2,7,July,3,2024,27,7,2024
2024-07-03,20240703,3,7,July,3,2024,27,7,2024
2024-07-04,20240704,4,7,July,3,2024,27,7,2024
2024-07-05,20240705,5,7,July,3,2024,27,7,2024
2024-07-06,20240706,6,7,July,3,2024,27,7,2024
2024-07-07,20240707,7,7,July,3,2024,27,7,2024
2024-07-08,20240708,8,7,July,3,2024,28,7,2024
2024-07-09,20240709,9,7,July,3,2024,28,7,2024
2024-07-10,20240710,10,7,July,3,2024,28,7,2024
2024-07-11,20240711,11,7,July,3,2024,28,7,2024
2024-07-12,20240712,12,7,July,3,2024,28,7,2024
2024-07-13,20240713,13,7,July,3,2024,28,7,2024
2024-07-14,20240714,14,7,July,3,2024,28,7,2024
2024-07-15,20240715,15,7,July,3,2024,29,7,2024
2024-07-16,20240716,16,7,July,3,2024,29,7,2024
2024-07-17,20240717,17,7,July,3,2024,29,7,2024
2024-07-18,20240718,18,7,July,3,2024,29,7,2024
2024-07-19,20240719,19,7,July,3,2024,29,7,2024
2024-07-20,20240720,20,7,July,3,2024,29,7,2024
2024-07-21,20240721,21,7,July,3,2024,29,7,2024
2024-07-22,20240722,22,7,July,3,2024,30,7,2024
2024-07-23,20240723,23,7,July,3,2024,30,7,2024
2024-07-24,20240724,24,7,July,3,2024,30,7,2024
2024-07-25,20240725,25,7,July,3,2024,30,7,2024
2024-07-26,20240726,26,7,July,3,2024,30,7,2024
2024-07-27,20240727,27,7,July,3,2024,30,7,2024
2024-07-28,20240728,28,7,July,3,2024,30,7,2024
2024-07-29,20240729,29,7,July,3,2024,31,7,2024
2024-07-30,20240730,30,7,July,3,2024,31,7,2024
2024-07-31,20240731,31,7,July,3,2024,31,7,2024
2024-08-01,20240801,1,8,August,3,2024,31,8,2024
2024-08-02,20240802,2,8,August,3,2024,31,8,2024
2024-08-03,20240803,3,8,August,3,2024,31,8,2024
2024-08-04,20240804,4,8,August,3,2024,31,8,2024
2024-08-05,20240805,5,8,August,3,2024,32,8,2024
2024-08-06,20240806,6,8,August,3,2024,32,8,2024
2024-08-07,20240807,7,8,August,3,2024,32,8,2024
2024-08-08,20240808,8,8,August,3,2024,32,8,2024
2024-08-09,20240809,9,8,August,3,2024,32,8,2024
2024-08-10,20240810,10,8,August,3,2024,32,8,2024
2024-08-11,20240811,11,8,August,3,2024,32,8,2024
2024-08-12,20240812,12,8,August,3,2024,33,8,2024
2024-08-13,20240813,13,8,August,3,2024,33,8,2024
2024-08-14,20240814,14,8,August,3,2024,33,8,2024
2024-08-15,20240815,15,8,August,3,2024,33,8,2024
2024-08-16,20240816,16,8,August,3,2024,33,8,2024
2024-08-17,20240817,17,8,August,3,2024,33,8,2024
2024-08-18,20240818,18,8,August,3,2024,33,8,2024
2024-08-19,20240819,19,8,August,3,2024,34,8,2024
2024-08-20,20240820,20,8,August,3,2024,34,8,2024
2024-08-21,20240821,21,8,August,3,2024,34,8,2024
2024-08-22,20240822,22,8,August,3,2024,34,8,2024
2024-08-23,20240823,23,8,August,3,2024,34,8,2024
2024-08-24,20240824,24,8,August,3,2024,34,8,2024
2024-08-25,20240825,25,8,August,3,2024,34,8,2024
2024-08-26,20240826,26,8,August,3,2024,35,8,2024
2024-08-27,20240827,27,8,August,3,2024,35,8,2024
2024-08-28,20240828,28,8,August,3,2024,35,8,2024
2024-08-29,20240829,29,8,August,3,2024,35,8,2024
2024-08-30,20240830,30,8,August,3,2024,35,8,2024
2024-08-31,20240831,31,8,August,3,2024,35,8,2024
2024-09-01,20240901,1,9,September,3,2024,35,9,2024
2024-09-02,20240902,2,9,September,3,2024,36,9,2024
2024-09-03,20240903,3,9,September,3,2024,36,9,2024
2024-09-04,20240904,4,9,September,3,2024,36,9,2024
2024-09-05,20240905,5,9,September,3,2024,36,9,2024
2024-09-06,20240906,6,9,September,3,2024,36,9,2024
2024-09-07,20240907,7,9,September,3,2024,36,9,2024
2024-09-08,20240908,8,9,September,3,2024,36,9,2024
2024-09-09,20240909,9,9,September,3,2024,37,9,2024
2024-09-10,20240910,10,9,September,3,2024,37,9,2024
2024-09-11,20240911,11,9,September,3,2024,37,9,2024
2024-09-12,20240912,12,9,September,3,2024,37,9,2024
2024-09-13,20240913,13,9,September,3,2024,37,9,2024
2024-09-14,20240914,14,9,September,3,2024,37,9,2024
2024-09-15,20240915,15,9,September,3,2024,37,9,2024
2024-09-16,20240916,16,9,September,3,2024,38,9,2024
2024-09-17,20240917,17,9,September,3,2024,38,9,2024
2024-09-18,20240918,18,9,September,3,2024,38,9,2024
2024-09-19,20240919,19,9,September,3,2024,38,9,2024
2024-09-20,20240920,20,9,September,3,2024,38,9,2024
2024-09-21,20240921,21,9,September,3,2024,38,9,2024
2024-09-22,20240922,22,9,September,3,2024,38,9,2024
2024-09-23,20240923,23,9,September,3,2024,39,9,2024
2024-09-24,20240924,24,9,September,3,2024,39,9,2024
2024-09-25,20240925,25,9,September,3,2024,39,9,2024
2024-09-26,20240926,26,9,September,3,2024,39,9,2024
2024-09-27,20240927,27,9,September,3,2024,39,9,2024
2024-09-28,20240928,28,9,September,3,2024,39,9,2024
2024-09-29,20240929,29,9,September,3,2024,39,9,2024
2024-09-30,20240930,30,9,September,3,2024,40,9,2024
2024-10-01,20241001,1,10,October,4,2024,40,10,2024
2024-10-02,20241002,2,10,October,4,2024,40,10,2024
2024-10-03,20241003,3,10,October,4,2024,40,10,2024
2024-10-04,20241004,4,10,October,4,2024,40,10,2024
2024-10-05,20241005,5,10,October,4,2024,40,10,2024
2024-10-06,20241006,6,10,October,4,2024,40,10,2024
2024-10-07,20241007,7,10,October,4,2024,41,10,2024
2024-10-08,20241008,8,10,October,4,2024,41,10,2024
2024-10-09,20241009,9,10,October,4,2024,41,10,2024
2024-10-10,20241010,10,10,October,4,2024,41,10,2024
2024-10-11,20241011,11,10,October,4,2024,41,10,2024
2024-10-12,20241012,12,10,October,4,2024,41,10,2024
2024-10-13,20241013,13,10,October,4,2024,41,10,2024
2024-10-14,20241014,14,10,October,4,2024,42,10,2024
2024-10-15,20241015,15,10,October,4,2024,42,10,2024
2024-10-16,20241016,16,10,October,4,2024,42,10,2024
2024-10-17,20241017,17,10,October,4,2024,42,10,2024
2024-10-18,20241018,18,10,October,4,2024,42,10,2024
2024-10-19,20241019,19,10,October,4,2024,42,10,2024
2024-10-20,20241020,20,10,October,4,2024,42,10,2024
2024-10-21,20241021,21,10,October,4,2024,43,10,2024
2024-10-22,20241022,22,10,October,4,2024,43,10,2024
2024-10-23,20241023,23,10,October,4,2024,43,10,2024
2024-10-24,20241024,24,10,October,4,2024,43,10,2024
2024-10-25,20241025,25,10,October,4,2024,43,10,2024
2024-10-26,20241026,26,10,October,4,2024,43,10,2024
2024-10-27,20241027,27,10,October,4,2024,43,10,2024
2024-10-28,20241028,28,10,October,4,2024,44,10,2024
2024-10-29,20241029,29,10,October,4,2024,44,10,2024
2024-10-30,20241030,30,10,October,4,2024,44,10,2024
2024-10-31,20241031,31,10,October,4,2024,44,10,2024
2024-11-01,20241101,1,11,November,4,2024,44,11,2024
2024-11-02,20241102,2,11,November,4,2024,44,11,2024
2024-11-03,20241103,3,11,November,4,2024,44,11,2024
2024-11-04,20241104,4,11,November,4,2024,45,11,2024
2024-11-05,20241105,5,11,November,4,2024,45,11,2024
2024-11-06,20241106,6,11,November,4,2024,45,11,2024
2024-11-07,20241107,7,11,November,4,2024,45,11,2024
2024-11-08,20241108,8,11,November,4,2024,45,11,2024
2024-11-09,20241109,9,11,November,4,2024,45,11,2024
2024-11-10,20241110,10,11,November,4,2024,45,11,2024
2024-11-11,20241111,11,11,November,4,2024,46,11,2024
2024-11-12,20241112,12,11,November,4,2024,46,11,2024
2024-11-13,20241113,13,11,November,4,2024,46,11,2024
2024-11-14,20241114,14,11,November,4,2024,46,11,2024
2024-11-15,20241115,15,11,November,4,2024,46,11,2024
2024-11-16,20241116,16,11,November,4,2024,46,11,2024
2024-11-17,20241117,17,11,November,4,2024,46,11,2024
2024-11-18,20241118,18,11,November,4,2024,47,11,2024
2024-11-19,20241119,19,11,November,4,2024,47,11,2024
2024-11-20,20241120,20,11,November,4,2024,47,11,2024
2024-11-21,20241121,21,11,November,4,2024,47,11,2024
2024-11-22,20241122,22,11,November,4,2024,47,11,2024
2024-11-23,20241123,23,11,November,4,2024,47,11,2024
2024-11-24,20241124,24,11,November,4,2024,47,11,2024
2024-11-25,20241125,25,11,November,4,2024,48,11,2024
2024-11-26,20241126,26,11,November,4,2024,48,11,2024
2024-11-27,20241127,27,11,November,4,2024,48,11,2024
2024-11-28,20241128,28,11,November,4,2024,48,11,2024
2024-11-29,20241129,29,11,November,4,2024,48,11,2024
2024-11-30,20241130,30,11,November,4,2024,48,11,2024
2024-12-01,20241201,1,12,December,4,2024,48,12,2024
2024-12-02,20241202,2,12,December,4,2024,49,12,2024
2024-12-03,20241203,3,12,December,4,2024,49,12,2024
2024-12-04,20241204,4,12,December,4,2024,49,12,2024
2024-12-05,20241205,5,12,December,4,2024,49,12,2024
2024-12-06,20241206,6,12,December,4,2024,49,12,2024
2024-12-07,20241207,7,12,December,4,2024,49,12,2024
2024-12-08,20241208,8,12,December,4,2024,49,12,2024
2024-12-09,20241209,9,12,December,4,2024,50,12,2024
2024-12-10,20241210,10,12,December,4,2024,50,12,2024
2024-12-11,20241211,11,12,December,4,2024,50,12,2024
2024-12-12,20241212,12,12,December,4,2024,50,12,2024
2024-12-13,20241213,13,12,December,4,2024,50,12,2024
2024-12-14,20241214,14,12,December,4,2024,50,12,2024
2024-12-15,20241215,15,12,December,4,2024,50,12,2024
2024-12-16,20241216,16,12,December,4,2024,51,12,2024
2024-12-17,20241217,17,12,December,4,2024,51,12,2024
2024-12-18,20241218,18,12,December,4,2024,51,12,2024
2024-12-19,20241219,19,12,December,4,2024,51,12,2024
2024-12-20,20241220,20,12,December,4,2024,51,12,2024
2024-12-21,20241221,21,12,December,4,2024,51,12,2024
2024-12-22,20241222,22,12,December,4,2024,51,12,2024
2024-12-23,20241223,23,12,December,4,2024,52,12,2024
2024-12-24,20241224,24,12,December,4,2024,52,12,2024
2024-12-25,20241225,25,12,December,4,2024,52,12,2024
2024-12-26,20241226,26,12,December,4,2024,52,12,2024
2024-12-27,20241227,27,12,December,4,2024,52,12,2024
2024-12-28,20241228,28,12,December,4,2024,52,12,2024
2024-12-29,20241229,29,12,December,4,2024,52,12,2024
2024-12-30,20241230,30,12,December,4,2024,1,12,2024
2024-12-31,20241231,31,12,December,4,2024,1,12,2024
2025-01-01,20250101,1,1,January,1,2025,1,1,2025
2025-01-02,20250102,2,1,January,1,2025,1,1,2025
2025-01-03,20250103,3,1,January,1,2025,1,1,2025
2025-01-04,20250104,4,1,January,1,2025,1,1,2025
2025-01-05,20250105,5,1,January,1,2025,1,1,2025
2025-01-06,20250106,6,1,January,1,2025,2,1,2025
2025-01-07,20250107,7,1,January,1,2025,2,1,2025
2025-01-08,20250108,8,1,January,1,2025,2,1,2025
2025-01-09,20250109,9,1,January,1,2025,2,1,2025
2025-01-10,20250110,10,1,January,1,2025,2,1,2025
2025-01-11,20250111,11,1,January,1,2025,2,1,2025
2025-01-12,20250112,12,1,January,1,2025,2,1,2025
2025-01-13,20250113,13,1,January,1,2025,3,1,2025
2025-01-14,20250114,14,1,January,1,2025,3,1,2025
2025-01-15,20250115,15,1,January,1,2025,3,1,2025
2025-01-16,20250116,16,1,January,1,2025,3,1,2025
2025-01-17,20250117,17,1,January,1,2025,3,1,2025
2025-01-18,20250118,18,1,January,1,2025,3,1,2025
2025-01-19,20250119,19,1,January,1,2025,3,1,2025
2025-01-20,20250120,20,1,January,1,2025,4,1,2025
2025-01-21,20250121,21,1,January,1,2025,4,1,2025
2025-01-22,20250122,22,1,January,1,2025,4,1,2025
2025-01-23,20250123,23,1,January,1,2025,4,1,2025
2025-01-24,20250124,24,1,January,1,2025,4,1,2025
2025-01-25,20250125,25,1,January,1,2025,4,1,2025
2025-01-26,20250126,26,1,January,1,2025,4,1,2025
2025-01-27,20250127,27,1,January,1,2025,5,1,2025
2025-01-28,20250128,28,1,January,1,2025,5,1,2025
2025-01-29,20250129,29,1,January,1,2025,5,1,2025
2025-01-30,20250130,30,1,January,1,2025,5,1,2025
2025-01-31,20250131,31,1,January,1,2025,5,1,2025
2025-02-01,20250201,1,2,February,1,2025,5,2,2025
2025-02-02,20250202,2,2,February,1,2025,5,2,2025
2025-02-03,20250203,3,2,February,1,2025,6,2,2025
2025-02-04,20250204,4,2,February,1,2025,6,2,2025
2025-02-05,20250205,5,2,February,1,2025,6,2,2025
2025-02-06,20250206,6,2,February,1,2025,6,2,2025
2025-02-07,20250207,7,2,February,1,2025,6,2,2025
2025-02-08,20250208,8,2,February,1,2025,6,2,2025
2025-02-09,20250209,9,2,February,1,2025,6,2,2025
2025-02-10,20250210,10,2,February,1,2025,7,2,2025
2025-02-11,20250211,11,2,February,1,2025,7,2,2025
2025-02-12,20250212,12,2,February,1,2025,7,2,2025
2025-02-13,20250213,13,2,February,1,2025,7,2,2025
2025-02-14,20250214,14,2,February,1,2025,7,2,2025
2025-02-15,20250215,15,2,February,1,2025,7,2,2025
2025-02-16,20250216,16,2,February,1,2025,7,2,2025
2025-02-17,20250217,17,2,February,1,2025,8,2,2025
2025-02-18,20250218,18,2,February,1,2025,8,2,2025
2025-02-19,20250219,19,2,February,1,2025,8,2,2025
2025-02-20,20250220,20,2,February,1,2025,8,2,2025
2025-02-21,20250221,21,2,February,1,2025,8,2,2025
2025-02-22,20250222,22,2,February,1,2025,8,2,2025
2025-02-23,20250223,23,2,February,1,2025,8,2,2025
2025-02-24,20250224,24,2,February,1,2025,9,2,2025
2025-02-25,20250225,25,2,February,1,2025,9,2,2025
2025-02-26,20250226,26,2,February,1,2025,9,2,2025
2025-02-27,20250227,27,2,February,1,2025,9,2,2025
2025-02-28,20250228,28,2,February,1,2025,9,2,2025
2025-03-01,20250301,1,3,March,1,2025,9,3,2025
2025-03-02,20250302,2,3,March,1,2025,9,3,2025
2025-03-03,20250303,3,3,March,1,2025,10,3,2025
2025-03-04,20250304,4,3,March,1,2025,10,3,2025
2025-03-05,20250305,5,3,March,1,2025,10,3,2025
2025-03-06,20250306,6,3,March,1,2025,10,3,2025
2025-03-07,20250307,7,3,March,1,2025,10,3,2025
2025-03-08,20250308,8,3,March,1,2025,10,3,2025
2025-03-09,20250309,9,3,March,1,2025,10,3,2025
2025-03-10,20250310,10,3,March,1,2025,11,3,2025
2025-03-11,20250311,11,3,March,1,2025,11,3,2025
2025-03-12,20250312,12,3,March,1,2025,11,3,2025
2025-03-13,20250313,13,3,March,1,2025,11,3,2025
2025-03-14,20250314,14,3,March,1,2025,11,3,2025
2025-03-15,20250315,15,3,March,1,2025,11,3,2025
2025-03-16,20250316,16,3,March,1,2025,11,3,2025
2025-03-17,20250317,17,3,March,1,2025,12,3,2025
2025-03-18,20250318,18,3,March,1,2025,12,3,2025
2025-03-19,20250319,19,3,March,1,2025,12,3,2025
2025-03-20,20250320,20,3,March,1,2025,12,3,2025
2025-03-21,20250321,21,3,March,1,2025,12,3,2025
2025-03-22,20250322,22,3,March,1,2025,12,3,2025
2025-03-23,20250323,23,3,March,1,2025,12,3,2025
2025-03-24,20250324,24,3,March,1,2025,13,3,2025
2025-03-25,20250325,25,3,March,1,2025,13,3,2025
2025-03-26,20250326,26,3,March,1,2025,13,3,2025
2025-03-27,20250327,27,3,March,1,2025,13,3,2025
2025-03-28,20250328,28,3,March,1,2025,13,3,2025
2025-03-29,20250329,29,3,March,1,2025,13,3,2025
2025-03-30,20250330,30,3,March,1,2025,13,3,2025
2025-03-31,20250331,31,3,March,1,2025,14,3,2025
2025-04-01,20250401,1,4,April,2,2025,14,4,2025
2025-04-02,20250402,2,4,April,2,2025,14,4,2025
2025-04-03,20250403,3,4,April,2,2025,14,4,2025
2025-04-04,20250404,4,4,April,2,2025,14,4,2025
2025-04-05,20250405,5,4,April,2,2025,14,4,2025
2025-04-06,20250406,6,4,April,2,2025,14,4,2025
2025-04-07,20250407,7,4,April,2,2025,15,4,2025
2025-04-08,20250408,8,4,April,2,2025,15,4,2025
2025-04-09,20250409,9,4,April,2,2025,15,4,2025
2025-04-10,20250410,10,4,April,2,2025,15,4,2025
2025-04-11,20250411,11,4,April,2,2025,15,4,2025
2025-04-12,20250412,12,4,April,2,2025,15,4,2025
2025-04-13,20250413,13,4,April,2,2025,15,4,2025
2025-04-14,20250414,14,4,April,2,2025,16,4,2025
2025-04-15,20250415,15,4,April,2,2025,16,4,2025
2025-04-16,20250416,16,4,April,2,2025,16,4,2025
2025-04-17,20250417,17,4,April,2,2025,16,4,2025
2025-04-18,20250418,18,4,April,2,2025,16,4,2025
2025-04-19,20250419,19,4,April,2,2025,16,4,2025
2025-04-20,20250420,20,4,April,2,2025,16,4,2025
2025-04-21,20250421,21,4,April,2,2025,17,4,2025
2025-04-22,20250422,22,4,April,2,2025,17,4,2025
2025-04-23,20250423,23,4,April,2,2025,17,4,2025
2025-04-24,20250424,24,4,April,2,2025,17,4,2025
2025-04-25,20250425,25,4,April,2,2025,17,4,2025
2025-04-26,20250426,26,4,April,2,2025,17,4,2025
2025-04-27,20250427,27,4,April,2,2025,17,4,2025
2025-04-28,20250428,28,4,April,2,2025,18,4,2025
2025-04-29,20250429,29,4,April,2,2025,18,4,2025
2025-04-30,20250430,30,4,April,2,2025,18,4,2025
2025-05-01,20250501,1,5,May,2,2025,18,5,2025
2025-05-02,20250502,2,5,May,2,2025,18,5,2025
2025-05-03,20250503,3,5,May,2,2025,18,5,2025
2025-05-04,20250504,4,5,May,2,2025,18,5,2025
2025-05-05,20250505,5,5,May,2,2025,19,5,2025
2025-05-06,20250506,6,5,May,2,2025,19,5,2025
2025-05-07,20250507,7,5,May,2,2025,19,5,2025
2025-05-08,20250508,8,5,May,2,2025,19,5,2025
2025-05-09,20250509,9,5,May,2,2025,19,5,2025
2025-05-10,20250510,10,5,May,2,2025,19,5,2025
2025-05-11,20250511,11,5,May,2,2025,19,5,2025
2025-05-12,20250512,12,5,May,2,2025,20,5,2025
2025-05-13,20250513,13,5,May,2,2025,20,5,2025
2025-05-14,20250514,14,5,May,2,2025,20,5,2025
2025-05-15,20250515,15,5,May,2,2025,20,5,2025
2025-05-16,20250516,16,5,May,2,2025,20,5,2025
2025-05-17,20250517,17,5,May,2,2025,20,5,2025
2025-05-18,20250518,18,5,May,2,2025,20,5,2025
2025-05-19,20250519,19,5,May,2,2025,21,5,2025
2025-05-20,20250520,20,5,May,2,2025,21,5,2025
2025-05-21,20250521,21,5,May,2,2025,21,5,2025
2025-05-22,20250522,22,5,May,2,2025,21,5,2025
2025-05-23,20250523,23,5,May,2,2025,21,5,2025
2025-05-24,20250524,24,5,May,2,2025,21,5,2025
2025-05-25,20250525,25,5,May,2,2025,21,5,2025
2025-05-26,20250526,26,5,May,2,2025,22,5,2025
2025-05-27,20250527,27,5,May,2,2025,22,5,2025
2025-05-28,20250528,28,5,May,2,2025,22,5,2025
2025-05-29,20250529,29,5,May,2,2025,22,5,2025
2025-05-30,20250530,30,5,May,2,2025,22,5,2025
2025-05-31,20250531,31,5,May,2,2025,22,5,2025
2025-06-01,20250601,1,6,June,2,2025,22,6,2025
2025-06-02,20250602,2,6,June,2,2025,23,6,2025
2025-06-03,20250603,3,6,June,2,2025,23,6,2025
2025-06-04,20250604,4,6,June,2,2025,23,6,2025
2025-06-05,20250605,5,6,June,2,2025,23,6,2025
2025-06-06,20250606,6,6,June,2,2025,23,6,2025
2025-06-07,20250607,7,6,June,2,2025,23,6,2025
2025-06-08,20250608,8,6,June,2,2025,23,6,2025
2025-06-09,20250609,9,6,June,2,2025,24,6,2025
2025-06-10,20250610,10,6,June,2,2025,24,6,2025
2025-06-11,20250611,11,6,June,2,2025,24,6,2025
2025-06-12,20250612,12,6,June,2,2025,24,6,2025
2025-06-13,20250613,13,6,June,2,2025,24,6,2025
2025-06-14,20250614,14,6,June,2,2025,24,6,2025
2025-06-15,20250615,15,6,June,2,2025,24,6,2025
2025-06-16,20250616,16,6,June,2,2025,25,6,2025
2025-06-17,20250617,17,6,June,2,2025,25,6,2025
2025-06-18,20250618,18,6,June,2,2025,25,6,2025
2025-06-19,20250619,19,6,June,2,2025,25,6,2025
2025-06-20,20250620,20,6,June,2,2025,25,6,2025
2025-06-21,20250621,21,6,June,2,2025,25,6,2025
2025-06-22,20250622,22,6,June,2,2025,25,6,2025
2025-06-23,20250623,23,6,June,2,2025,26,6,2025
2025-06-24,20250624,24,6,June,2,2025,26,6,2025
2025-06-25,20250625,25,6,June,2,2025,26,6,2025
2025-06-26,20250626,26,6,June,2,2025,26,6,2025
2025-06-27,20250627,27,6,June,2,2025,26,6,2025
2025-06-28,20250628,28,6,June,2,2025,26,6,2025
2025-06-29,20250629,29,6,June,2,2025,26,6,2025
2025-06-30,20250630,30,6,June,2,2025,27,6,2025
2025-07-01,20250701,1,7,July,3,2025,27,7,2025
2025-07-02,20250702,2,7,July,3,2025,27,7,2025
2025-07-03,20250703,3,7,July,3,2025,27,7,2025
2025-07-04,20250704,4,7,July,3,2025,27,7,2025
2025-07-05,20250705,5,7,July,3,2025,27,7,2025
2025-07-06,20250706,6,7,July,3,2025,27,7,2025
2025-07-07,20250707,7,7,July,3,2025,28,7,2025
2025-07-08,20250708,8,7,July,3,2025,28,7,2025
2025-07-09,20250709,9,7,July,3,2025,28,7,2025
2025-07-10,20250710,10,7,July,3,2025,28,7,2025
2025-07-11,20250711,11,7,July,3,2025,28,7,2025
2025-07-12,20250712,12,7,July,3,2025,28,7,2025
2025-07-13,20250713,13,7,July,3,2025,28,7,2025
2025-07-14,20250714,14,7,July,3,2025,29,7,2025
2025-07-15,20250715,15,7,July,3,2025,29,7,2025
2025-07-16,20250716,16,7,July,3,2025,29,7,2025
2025-07-17,20250717,17,7,July,3,2025,29,7,2025
2025-07-18,20250718,18,7,July,3,2025,29,7,2025
2025-07-19,20250719,19,7,July,3,2025,29,7,2025
2025-07-20,20250720,20,7,July,3,2025,29,7,2025
2025-07-21,20250721,21,7,July,3,2025,30,7,2025
2025-07-22,20250722,22,7,July,3,2025,30,7,2025
2025-07-23,20250723,23,7,July,3,2025,30,7,2025
2025-07-24,20250724,24,7,July,3,2025,30,7,2025
2025-07-25,20250725,25,7,July,3,2025,30,7,2025
2025-07-26,20250726,26,7,July,3,2025,30,7,2025
2025-07-27,20250727,27,7,July,3,2025,30,7,2025
2025-07-28,20250728,28,7,July,3,2025,31,7,2025
2025-07-29,20250729,29,7,July,3,2025,31,7,2025
2025-07-30,20250730,30,7,July,3,2025,31,7,2025
2025-07-31,20250731,31,7,July,3,2025,31,7,2025
2025-08-01,20250801,1,8,August,3,2025,31,8,2025
2025-08-02,20250802,2,8,August,3,2025,31,8,2025
2025-08-03,20250803,3,8,August,3,2025,31,8,2025
2025-08-04,20250804,4,8,August,3,2025,32,8,2025
2025-08-05,20250805,5,8,August,3,2025,32,8,2025
2025-08-06,20250806,6,8,August,3,2025,32,8,2025
2025-08-07,20250807,7,8,August,3,2025,32,8,2025
2025-08-08,20250808,8,8,August,3,2025,32,8,2025
2025-08-09,20250809,9,8,August,3,2025,32,8,2025
2025-08-10,20250810,10,8,August,3,2025,32,8,2025
2025-08-11,20250811,11,8,August,3,2025,33,8,2025
2025-08-12,20250812,12,8,August,3,2025,33,8,2025
2025-08-13,20250813,13,8,August,3,2025,33,8,2025
2025-08-14,20250814,14,8,August,3,2025,33,8,2025
2025-08-15,20250815,15,8,August,3,2025,33,8,2025
2025-08-16,20250816,16,8,August,3,2025,33,8,2025
2025-08-17,20250817,17,8,August,3,2025,33,8,2025
2025-08-18,20250818,18,8,August,3,2025,34,8,2025
2025-08-19,20250819,19,8,August,3,2025,34,8,2025
2025-08-20,20250820,20,8,August,3,2025,34,8,2025
2025-08-21,20250821,21,8,August,3,2025,34,8,2025
2025-08-22,20250822,22,8,August,3,2025,34,8,2025
2025-08-23,20250823,23,8,August,3,2025,34,8,2025
2025-08-24,20250824,24,8,August,3,2025,34,8,2025
2025-08-25,20250825,25,8,August,3,2025,35,8,2025
2025-08-26,20250826,26,8,August,3,2025,35,8,2025
2025-08-27,20250827,27,8,August,3,2025,35,8,2025
2025-08-28,20250828,28,8,August,3,2025,35,8,2025
2025-08-29,20250829,29,8,August,3,2025,35,8,2025
2025-08-30,20250830,30,8,August,3,2025,35,8,2025
2025-08-31,20250831,31,8,August,3,2025,35,8,2025
2025-09-01,20250901,1,9,September,3,2025,36,9,2025
2025-09-02,20250902,2,9,September,3,2025,36,9,2025
2025-09-03,20250903,3,9,September,3,2025,36,9,2025
2025-09-04,20250904,4,9,September,3,2025,36,9,2025
2025-09-05,20250905,5,9,September,3,2025,36,9,2025
2025-09-06,20250906,6,9,September,3,2025,36,9,2025
2025-09-07,20250907,7,9,September,3,2025,36,9,2025
2025-09-08,20250908,8,9,September,3,2025,37,9,2025
2025-09-09,20250909,9,9,September,3,2025,37,9,2025
2025-09-10,20250910,10,9,September,3,2025,37,9,2025
2025-09-11,20250911,11,9,September,3,2025,37,9,2025
2025-09-12,20250912,12,9,September,3,2025,37,9,2025
2025-09-13,20250913,13,9,September,3,2025,37,9,2025
2025-09-14,20250914,14,9,September,3,2025,37,9,2025
2025-09-15,20250915,15,9,September,3,2025,38,9,2025
2025-09-16,20250916,16,9,September,3,2025,38,9,2025
2025-09-17,20250917,17,9,September,3,2025,38,9,2025
2025-09-18,20250918,18,9,September,3,2025,38,9,2025
2025-09-19,20250919,19,9,September,3,2025,38,9,2025
2025-09-20,20250920,20,9,September,3,2025,38,9,2025
2025-09-21,20250921,21,9,September,3,2025,38,9,2025
2025-09-22,20250922,22,9,September,3,2025,39,9,2025
2025-09-23,20250923,23,9,September,3,2025,39,9,2025
2025-09-24,20250924,24,9,September,3,2025,39,9,2025
2025-09-25,20250925,25,9,September,3,2025,39,9,2025
2025-09-26,20250926,26,9,September,3,2025,39,9,2025
2025-09-27,20250927,27,9,September,3,2025,39,9,2025
2025-09-28,20250928,28,9,September,3,2025,39,9,2025
2025-09-29,20250929,29,9,September,3,2025,40,9,2025
2025-09-30,20250930,30,9,September,3,2025,40,9,2025
2025-10-01,20251001,1,10,October,4,2025,40,10,2025
2025-10-02,20251002,2,10,October,4,2025,40,10,2025
2025-10-03,20251003,3,10,October,4,2025,40,10,2025
2025-10-04,20251004,4,10,October,4,2025,40,10,2025
2025-10-05,20251005,5,10,October,4,2025,40,10,2025
2025-10-06,20251006,6,10,October,4,2025,41,10,2025
2025-10-07,20251007,7,10,October,4,2025,41,10,2025
2025-10-08,20251008,8,10,October,4,2025,41,10,2025
2025-10-09,20251009,9,10,October,4,2025,41,10,2025
2025-10-10,20251010,10,10,October,4,2025,41,10,2025
2025-10-11,20251011,11,10,October,4,2025,41,10,2025
2025-10-12,20251012,12,10,October,4,2025,41,10,2025
2025-10-13,20251013,13,10,October,4,2025,42,10,2025
2025-10-14,20251014,14,10,October,4,2025,42,10,2025
2025-10-15,20251015,15,10,October,4,2025,42,10,2025
2025-10-16,20251016,16,10,October,4,2025,42,10,2025
2025-10-17,20251017,17,10,October,4,2025,42,10,2025
2025-10-18,20251018,18,10,October,4,2025,42,10,2025
2025-10-19,20251019,19,10,October,4,2025,42,10,2025
2025-10-20,20251020,20,10,October,4,2025,43,10,2025
2025-10-21,20251021,21,10,October,4,2025,43,10,2025
2025-10-22,20251022,22,10,October,4,2025,43,10,2025
2025-10-23,20251023,23,10,October,4,2025,43,10,2025
2025-10-24,20251024,24,10,October,4,2025,43,10,2025
2025-10-25,20251025,25,10,October,4,2025,43,10,2025
2025-10-26,20251026,26,10,October,4,2025,43,10,2025
2025-10-27,20251027,27,10,October,4,2025,44,10,2025
2025-10-28,20251028,28,10,October,4,2025,44,10,2025
2025-10-29,20251029,29,10,October,4,2025,44,10,2025
2025-10-30,20251030,30,10,October,4,2025,44,10,2025
2025-10-31,20251031,31,10,October,4,2025,44,10,2025
2025-11-01,20251101,1,11,November,4,2025,44,11,2025
2025-11-02,20251102,2,11,November,4,2025,44,11,2025
2025-11-03,20251103,3,11,November,4,2025,45,11,2025
2025-11-04,20251104,4,11,November,4,2025,45,11,2025
2025-11-05,20251105,5,11,November,4,2025,45,11,2025
2025-11-06,20251106,6,11,November,4,2025,45,11,2025
2025-11-07,20251107,7,11,November,4,2025,45,11,2025
2025-11-08,20251108,8,11,November,4,2025,45,11,2025
2025-11-09,20251109,9,11,November,4,2025,45,11,2025
2025-11-10,20251110,10,11,November,4,2025,46,11,2025
2025-11-11,20251111,11,11,November,4,2025,46,11,2025
2025-11-12,20251112,12,11,November,4,2025,46,11,2025
2025-11-13,20251113,13,11,November,4,2025,46,11,2025
2025-11-14,20251114,14,11,November,4,2025,46,11,2025
2025-11-15,20251115,15,11,November,4,2025,46,11,2025
2025-11-16,20251116,16,11,November,4,2025,46,11,2025
2025-11-17,20251117,17,11,November,4,2025,47,11,2025
2025-11-18,20251118,18,11,November,4,2025,47,11,2025
2025-11-19,20251119,19,11,November,4,2025,47,11,2025
2025-11-20,20251120,20,11,November,4,2025,47,11,2025
2025-11-21,20251121,21,11,November,4,2025,47,11,2025
2025-11-22,20251122,22,11,November,4,2025,47,11,2025
2025-11-23,20251123,23,11,November,4,2025,47,11,2025
2025-11-24,20251124,24,11,November,4,2025,48,11,2025
2025-11-25,20251125,25,11,November,4,2025,48,11,2025
2025-11-26,20251126,26,11,November,4,2025,48,11,2025
2025-11-27,20251127,27,11,November,4,2025,48,11,2025
2025-11-28,20251128,28,11,November,4,2025,48,11,2025
2025-11-29,20251129,29,11,November,4,2025,48,11,2025
2025-11-30,20251130,30,11,November,4,2025,48,11,2025
2025-12-01,20251201,1,12,December,4,2025,49,12,2025
2025-12-02,20251202,2,12,December,4,2025,49,12,2025
2025-12-03,20251203,3,12,December,4,2025,49,12,2025
2025-12-04,20251204,4,12,December,4,2025,49,12,2025
2025-12-05,20251205,5,12,December,4,2025,49,12,2025
2025-12-06,20251206,6,12,December,4,2025,49,12,2025
2025-12-07,20251207,7,12,December,4,2025,49,12,2025
2025-12-08,20251208,8,12,December,4,2025,50,12,2025
2025-12-09,20251209,9,12,December,4,2025,50,12,2025
2025-12-10,20251210,10,12,December,4,2025,50,12,2025
2025-12-11,20251211,11,12,December,4,2025,50,12,2025
2025-12-12,20251212,12,12,December,4,2025,50,12,2025
2025-12-13,20251213,13,12,December,4,2025,50,12,2025
2025-12-14,20251214,14,12,December,4,2025,50,12,2025
2025-12-15,20251215,15,12,December,4,2025,51,12,2025
2025-12-16,20251216,16,12,December,4,2025,51,12,2025
2025-12-17,20251217,17,12,December,4,2025,51,12,2025
2025-12-18,20251218,18,12,December,4,2025,51,12,2025
2025-12-19,20251219,19,12,December,4,2025,51,12,2025
2025-12-20,20251220,20,12,December,4,2025,51,12,2025
2025-12-21,20251221,21,12,December,4,2025,51,12,2025
2025-12-22,20251222,22,12,December,4,2025,52,12,2025
2025-12-23,20251223,23,12,December,4,2025,52,12,2025
2025-12-24,20251224,24,12,December,4,2025,52,12,2025
2025-12-25,20251225,25,12,December,4,2025,52,12,2025
2025-12-26,20251226,26,12,December,4,2025,52,12,2025
2025-12-27,20251227,27,12,December,4,2025,52,12,2025
2025-12-28,20251228,28,12,December,4,2025,52,12,2025
2025-12-29,20251229,29,12,December,4,2025,1,12,2025
2025-12-30,20251230,30,12,December,4,2025,1,12,2025
2025-12-31,20251231,31,12,December,4,2025,1,12,2025
